SaleID,price,true
98367,2,16800
105110,3,15900
10949,1,699
27646,1,250
109870,2,15000
26254,1,500
25009,1,600
134037,2,4499
10306,2,990
75945,2,2500
144689,2,1600
112712,2,7900
4648,2,3999
103789,2,3500
51189,2,4000
68345,2,1400
104415,2,2600
72903,2,13500
9304,2,1900
81016,2,2200
133089,2,1850
28828,2,4450
105011,3,15200
30013,2,9600
71145,2,7999
127650,2,2750
143875,2,970
74997,2,3500
143483,2,16499
36675,2,2600
73623,2,1549
46771,2,15000
10749,3,24900
50038,2,1300
78920,2,9600
36763,2,1890
52942,2,5500
25616,2,1200
60369,1,220
54689,3,34000
141199,2,5350
63006,2,550
56910,2,4300
11125,2,6250
127018,1,150
81425,2,6800
34437,2,1000
24350,2,3300
134603,2,4900
130665,2,800
10733,1,270
127164,2,2000
80113,2,4150
128139,2,3899
36561,2,15800
57515,2,4850
97258,2,11000
123125,2,3500
123341,1,600
43919,1,570
45399,2,4700
125002,1,650
6329,1,550
126105,2,9290
58526,2,5500
70640,2,8249
90609,2,3900
6839,2,9000
113437,2,1290
80856,2,6700
91872,2,1150
41548,2,3589
126213,2,7999
65637,2,5999
55190,3,21900
56274,2,10000
136082,3,32900
45272,1,350
81260,1,600
17624,1,500
50724,2,3200
11758,2,13999
119314,1,800
8313,2,9280
78156,2,9850
78166,3,23760
118390,1,400
66462,1,490
104437,2,1600
90091,2,2999
48311,2,1000
128836,1,450
12190,1,800
33600,1,350
67795,2,1750
42025,2,2550
68407,2,3800
58787,2,4900
26932,2,2199
99496,2,7800
121427,1,500
25154,2,21900
149163,2,1399
85088,2,2250
48252,1,400
37876,2,16900
16581,2,990
24507,1,100
17060,1,700
91510,2,5800
120784,2,1200
137329,2,14000
115710,2,6000
112342,2,3295
108158,2,1111
62988,2,4700
41332,2,5600
59754,2,2199
38423,2,3780
104200,2,5200
131836,2,2990
8348,1,1100
41929,2,5299
17538,2,1100
108961,2,2000
68815,2,11200
123084,2,4690
126278,3,29500
18399,1,300
120291,2,12000
15003,3,34900
24311,2,15990
78763,2,9999
148802,1,900
15165,2,3990
12928,2,2900
35645,2,4980
119647,3,26950
115976,2,6690
37539,2,2950
47899,2,5600
127590,2,4400
145455,2,3690
110239,2,999
110599,2,999
119112,2,8999
98569,2,2600
63509,1,1090
132142,2,14950
73220,2,1250
121514,2,4500
28204,2,550
141651,2,5790
18164,1,599
113427,2,3199
20425,2,5150
90784,2,1499
88982,3,12499
39187,2,2800
24598,3,21800
124232,2,1300
84001,3,23880
8221,1,500
113111,1,790
70081,2,1399
139171,2,3950
135913,2,3600
33218,2,8000
148895,2,1700
73560,2,2250
123142,2,3200
17737,1,777
11398,2,6500
24562,1,550
78071,2,3600
13364,2,5800
142955,2,3299
85054,2,4000
111301,3,20500
129721,2,11999
77212,3,16000
148022,2,3000
62847,3,28800
146883,2,9800
5962,2,6300
2983,1,600
105194,2,15000
100382,2,2690
43447,2,2100
95818,2,9800
66316,2,3300
41691,2,6200
113347,2,13500
33119,2,3400
93863,2,900
147536,2,4500
10288,1,350
23325,1,100
75941,2,7499
4548,2,5555
33491,2,1999
120450,2,7949
133289,1,300
100618,1,499
24656,2,4199
76700,2,1750
145758,2,1500
124544,2,14200
132623,2,6490
129340,2,1600
135690,2,26000
12533,2,6650
127237,3,18900
107906,1,690
132650,2,10200
95973,1,599
68728,2,5500
21158,2,1300
89940,2,1000
73049,2,9400
70282,1,899
30953,2,9900
144052,2,1000
137672,2,2750
50599,2,9990
66592,2,6499
113269,2,7850
134207,2,7900
19035,1,400
64296,2,2800
42130,2,5500
60365,2,7250
87942,1,170
14589,2,500
64678,2,6666
1315,2,5450
144003,2,5700
89134,2,6300
29837,2,800
107070,2,4990
38881,2,8100
110009,2,5199
31314,2,4550
92407,2,15999
42586,1,750
142524,2,980
272,2,900
27711,3,27990
47777,1,100
52188,2,2299
64836,2,2500
35261,3,20000
7658,3,34400
135846,1,500
60731,2,1900
104365,2,4999
81056,3,20900
132808,2,4150
18049,2,6800
116957,2,9950
122742,1,400
110928,2,9300
106791,1,250
97957,3,19900
79901,2,6300
131445,2,8500
77627,2,10550
120464,2,2300
12410,2,1150
39370,2,1700
18519,1,250
144535,2,999
68839,1,499
144687,1,150
23729,2,4850
20661,2,3999
100949,2,2100
105743,2,900
16928,2,1480
94414,2,10999
63775,1,300
43818,1,400
26619,3,24680
17000,2,1300
101699,2,17000
93513,2,7980
58069,2,15000
100362,2,850
66086,2,3650
40659,2,1100
61615,1,500
10719,2,3000
145592,2,7900
132548,2,11888
3308,2,17500
114549,2,6350
121454,2,749
94873,2,12000
4383,2,470
15990,1,450
100504,2,900
2201,2,5900
60522,2,3999
126116,1,300
107609,1,500
121204,2,10950
16994,2,4900
34930,2,2200
40565,2,5999
41939,2,1500
149001,3,29980
42374,2,3500
117851,2,8800
22346,2,6344
8340,1,999
145318,1,40
55332,2,16300
84438,1,650
125938,2,1600
46191,2,9990
40447,2,5500
6140,2,8900
44055,2,16000
14951,2,675
139780,2,1250
53063,2,16800
30182,2,2950
51993,2,6250
120195,3,27800
61131,1,650
88179,2,6400
135957,2,2100
30449,2,1100
94921,2,5200
56328,2,3200
61120,2,6950
43228,3,14200
143151,2,2500
83738,2,2999
30308,2,6000
85294,2,11900
80667,2,6800
5185,2,4400
116757,2,5500
7051,2,1250
18054,2,4700
92964,2,11800
100285,2,4980
25238,2,6200
72998,1,799
118756,2,2499
27034,2,1650
143900,2,14500
7476,2,16750
63259,2,3499
46204,2,1950
56635,2,7150
72474,2,8000
91688,2,2200
47289,1,100
69601,2,2200
32153,2,7999
16772,2,2800
90191,2,3200
73164,2,7999
139282,3,19490
34334,2,8500
148869,2,4500
53922,1,650
113356,2,650
6101,2,7999
128211,1,550
68955,2,7950
27815,2,5500
148940,2,1200
97613,2,7850
20720,2,10000
95065,2,9950
92991,2,7450
34840,2,6999
116352,2,2490
71241,2,5999
128486,2,6999
52168,2,15990
105603,1,600
87310,2,6500
583,2,4600
10265,2,4300
54435,2,2200
136753,2,15999
95248,3,22000
14776,2,6700
90365,2,1899
22096,2,13000
1098,2,1799
20944,2,6000
45733,2,1300
118012,2,4200
144472,2,4900
60133,2,5150
55299,1,666
136061,1,790
100994,2,1700
95278,2,1300
113882,1,300
44129,3,36000
98639,2,3999
73128,2,7000
23294,2,6700
108251,2,2750
31382,2,1800
37890,2,14990
92995,1,100
61132,1,1750
18920,3,24999
15472,2,10450
113993,1,500
107588,2,4000
40,2,2450
78996,2,2900
105037,3,24500
20462,2,1300
90831,2,6990
39647,2,10900
114897,2,4800
120920,2,16000
85968,2,7500
109231,2,1800
109774,3,17900
96446,2,6600
101069,2,2499
48279,2,10350
107734,2,2850
73597,1,650
147493,3,15000
42583,2,5450
93937,2,7599
99665,2,3000
18720,2,2200
4868,2,8900
81411,1,450
69163,1,250
140389,2,5450
20377,2,700
97126,2,11900
88863,2,15600
5033,2,9850
138185,2,5995
140218,2,2600
81315,1,369
1449,2,1999
109823,1,750
73148,2,7590
85944,2,1400
120083,2,4500
3765,2,3450
23364,1,225
113648,2,1490
107570,2,4750
49875,3,22500
3847,2,13200
70167,2,850
33240,2,2250
144001,2,6000
73890,2,2950
132552,1,250
51996,2,1100
148441,2,14450
106434,2,4499
21788,2,2499
104833,1,850
51337,2,8300
74182,2,5300
20863,2,1000
22386,2,16400
143471,2,2900
8870,2,10499
70246,3,24500
125087,2,2590
7717,2,8950
84721,3,23600
79930,2,1000
61842,2,2480
12359,2,2000
103083,2,9990
10245,2,8250
110940,1,550
110597,2,11000
48164,2,2300
134345,2,1000
27615,2,5300
62703,2,2000
88047,2,6200
119862,2,1400
126534,2,7499
42613,2,6200
144673,2,4900
19866,2,3500
129246,2,15500
139026,2,899
135881,1,510
21710,2,5100
60913,2,3500
23112,2,6900
12578,2,3900
91375,2,9900
14936,2,5450
63898,2,8400
148680,2,1800
3200,2,14999
70174,2,23650
139856,2,4300
105868,2,2300
60381,2,7500
43086,2,1850
34958,2,11800
145633,2,2000
9390,2,5650
34639,3,17300
42754,2,2450
131655,2,2500
39640,2,2500
3762,2,5999
148228,1,400
7687,2,1250
123168,2,3000
22708,2,750
112772,2,899
97704,2,1490
85541,1,700
55964,2,2800
29380,2,1690
76036,3,22450
96897,1,490
106887,2,1299
15938,2,13000
118702,2,5100
1784,2,7100
2239,1,500
55151,2,4000
147866,2,2500
68501,2,5555
28256,2,11900
118967,2,11450
41490,2,16999
17449,2,6200
13510,2,5650
98161,2,13900
57015,2,10950
99274,3,19200
136578,1,750
46337,3,18950
49776,2,500
39057,2,700
26264,2,5400
25454,2,12000
3089,2,3699
145562,2,6500
44930,2,4700
90210,2,3995
125125,2,12500
31395,2,2200
5895,2,4700
125019,2,13500
129019,2,10900
91661,2,3550
41504,2,5300
110386,2,2500
124058,1,450
109168,1,1600
57909,1,368
101503,2,950
33778,2,3000
29653,2,1399
103063,2,2600
3713,3,27990
27806,2,1450
31452,1,950
8328,3,14500
50321,2,1900
112019,2,5700
101225,2,2950
65599,2,9390
32970,2,5600
91499,2,1850
27470,3,19995
128082,2,1000
46378,2,1900
107894,2,2000
44376,2,1450
123935,1,750
25642,1,950
104447,2,1400
119746,2,4700
5885,2,18250
148795,2,1650
68578,2,1749
7251,2,899
100770,2,6350
90707,2,2099
87776,2,4250
21628,2,5950
10971,2,1500
98621,2,999
18377,2,8500
59021,2,14000
140083,2,2200
89563,2,899
149693,2,3450
38679,2,550
77758,1,750
7110,1,25
4083,2,4500
67043,3,25000
84532,1,699
42634,2,14400
44482,2,1950
9530,1,650
80210,2,850
148253,2,2549
31338,2,4850
46489,1,200
46013,2,1800
52632,2,4900
53163,2,9990
134867,3,34990
534,2,1499
58779,1,150
44296,2,1999
86108,2,8990
122607,2,7750
10684,2,1600
97323,1,399
119389,2,2599
99535,2,1200
51333,2,6400
52219,2,4399
60429,2,950
17133,2,8650
33081,2,4960
125564,2,11490
74738,2,1950
38724,2,4250
51502,2,3499
49276,2,800
133481,2,5999
7700,2,1500
126955,2,1600
63328,1,260
90319,1,599
9067,2,1200
44473,2,590
47250,2,2150
107109,2,1250
76945,2,3750
62010,2,1500
87033,1,600
47321,3,16950
98685,2,9690
6618,2,6300
87230,2,1600
95469,2,9990
7448,2,9900
32955,2,6500
100639,2,2300
75907,2,999
75104,2,13100
57423,2,2599
138820,2,1500
141880,2,3500
39925,2,5750
37989,2,4500
86698,2,15950
87446,2,3999
87871,2,10499
93083,2,999
117313,1,300
68314,3,36900
136372,2,650
32250,2,14750
5661,1,700
131467,2,2100
73184,2,3400
89747,2,1800
67791,2,1250
143347,2,1950
43465,2,399
26685,2,3750
55944,1,250
107006,2,13000
16905,2,13900
78015,2,3990
38709,2,2200
72565,2,6900
74383,2,10000
142735,2,750
50502,2,3900
43370,2,950
120466,2,6450
89877,2,8950
114639,1,700
94703,2,1500
141008,2,1700
113073,2,2100
63606,2,1590
45549,2,11499
11750,2,4700
119057,2,6999
68777,2,3100
14630,2,1890
85000,1,150
52824,2,2450
17898,2,5000
40944,1,599
80306,2,3600
141032,2,4750
142514,2,1950
144240,2,10500
30803,2,4300
130966,1,500
131660,2,1400
101616,2,13900
73505,2,1720
141168,2,3990
143886,2,2250
53433,2,500
33131,2,1950
124900,3,38850
14283,2,5500
6551,2,9000
85936,2,1499
86945,2,2200
285,2,4400
100738,2,2500
98707,2,1499
128568,2,7399
79743,2,1250
4588,2,3500
97791,2,800
58599,2,5500
102086,2,2100
31734,1,500
23312,2,1250
102333,1,850
25336,2,6450
106798,2,2000
82717,2,1600
103996,2,4499
101173,2,2400
129167,2,2000
116119,2,3600
84995,2,8000
134884,2,1400
44244,2,7299
75329,1,450
24397,2,3300
64131,2,14500
41544,2,777
34197,1,450
1507,2,3650
32710,2,8900
47976,2,4500
1747,1,500
46391,3,20888
104145,2,1999
56926,2,2700
28251,3,19000
19685,2,1770
122713,2,7000
121595,2,4250
22761,2,5900
7222,2,9400
55702,2,2890
103817,3,41000
83040,2,2400
36612,2,3800
19667,2,2950
65569,1,325
121285,2,899
33033,2,5900
105642,2,4990
137955,1,500
32556,2,10499
10422,2,3299
15253,2,2600
116408,2,2800
82908,3,22900
126176,2,5900
50659,2,9999
129795,1,350
26046,2,1150
145373,2,1650
58206,2,1600
138776,2,4190
112683,2,8600
111104,2,2850
82610,3,22800
116470,2,1350
143177,2,4899
47017,2,5850
133378,2,5995
133961,2,1200
95615,2,1650
8069,2,2099
97519,2,4250
6969,1,300
45639,2,999
4064,2,4111
135431,2,16500
129750,2,696
10162,2,750
122342,2,3150
6168,3,26800
103067,1,350
72310,2,6900
139360,3,25550
14222,1,500
15413,2,5650
105614,2,3300
22033,2,7500
48862,2,3200
107830,2,14500
11128,2,10000
74811,1,499
57685,2,3300
38003,2,1600
50381,2,3200
78209,2,2500
103378,2,2900
147710,2,12059
144253,1,120
70762,1,850
635,2,4600
15909,2,1350
131855,2,6290
28162,2,12400
109341,2,5200
33701,3,23888
131941,2,7500
76917,2,1250
15416,2,15500
27126,2,5000
113923,2,12699
4219,2,6900
98241,2,2300
81748,2,4500
144934,2,16500
84392,2,2890
33781,2,1800
5830,2,9500
136876,2,1250
8234,2,2850
24695,2,2500
131201,2,5400
29986,2,13590
98603,1,700
21413,3,24370
111980,2,13600
78157,2,18800
61437,1,650
28317,2,5300
147013,2,1600
118915,2,11900
4227,3,34000
55985,1,450
13667,2,2299
45832,2,1149
135767,1,1400
81778,2,2999
67018,2,10700
90398,2,1700
113170,2,6700
125907,3,35499
27829,2,4200
74786,2,2100
131255,2,850
31117,2,2399
71672,2,4900
64965,2,9980
35761,1,480
94083,1,650
22262,2,2990
113139,2,900
61299,2,5000
24239,2,4200
14207,1,500
28823,2,2400
109746,2,2700
43806,3,29900
58777,3,22390
37522,2,12700
125677,2,2998
10344,2,2300
124546,3,34490
75449,2,22500
137611,2,6900
47455,2,3200
66521,2,1750
2650,1,800
57179,1,55
26945,2,3700
121413,2,1099
62833,1,500
130648,2,11500
50231,1,400
124433,1,690
93683,2,7100
112440,2,2499
60441,2,3199
70250,2,2990
51110,1,450
11799,2,2500
45224,1,550
95701,3,21490
73014,2,15898
60205,3,56900
101885,2,1800
30883,2,750
106201,3,21900
34132,1,550
144986,2,1850
130293,2,11000
87307,2,2222
130195,2,6100
120299,1,250
11645,2,3900
32009,2,3333
41961,2,8650
78915,2,1450
132091,2,1150
121340,2,2250
102246,2,5000
146960,2,6500
97181,2,6700
53438,2,9150
13284,1,550
36181,2,1200
83558,2,8999
5624,1,100
102173,2,10200
130724,2,750
84698,2,5499
141454,2,9999
64530,2,4150
117865,2,1500
126389,2,1799
94766,2,2900
29200,2,1190
105643,2,2490
139741,2,7500
115343,2,4900
40460,2,19990
130443,2,4500
4594,1,500
146754,2,6890
31051,1,400
5991,2,1650
114235,1,650
28890,2,800
16072,3,18000
146752,3,36999
75000,2,899
94071,2,1850
132509,1,500
54618,1,500
68566,2,2400
145039,2,2200
13687,2,9800
93572,2,2699
83223,2,3600
59782,2,3390
133930,2,2499
10669,2,4700
96538,1,430
68321,2,1100
29680,2,10700
34550,2,9800
141463,2,20000
113251,2,6550
6500,2,790
133600,2,5200
61718,2,1490
109182,2,5450
24540,1,650
70729,1,200
93212,2,5000
7477,2,2250
106637,1,200
86667,2,500
109386,2,1600
98412,2,3750
2872,2,39000
3309,2,3100
100651,2,2575
94780,1,599
126293,2,4300
17358,2,2600
133624,3,17200
90512,2,800
29323,2,3490
745,2,11000
71265,2,4100
52279,2,6990
87108,2,650
27838,1,699
4293,1,600
108189,2,4750
68114,2,6300
35104,2,3199
28730,2,6700
49542,1,500
53362,2,5399
98868,2,650
44406,2,6990
40941,1,800
126667,2,900
76505,2,680
137204,2,3000
144290,2,1100
47862,2,11500
62556,2,5750
103808,2,999
90822,2,1400
51107,2,1200
35395,1,800
66121,2,7950
78335,2,2300
138286,2,12500
20080,2,1250
102583,2,4800
132981,2,800
100852,2,3450
13845,3,38000
64739,2,1990
91462,2,3200
84632,2,4000
132575,2,3900
144407,2,4500
104511,2,8200
25509,2,2850
125279,1,550
73533,2,2850
65653,2,3900
73444,2,6000
43820,2,2490
64991,1,800
24726,2,8950
129627,2,9500
29387,2,2900
92745,2,15300
51343,2,17989
63005,2,14600
40039,2,1500
55039,2,850
37194,2,5990
11858,2,17350
15686,2,2450
20947,2,4500
111748,2,910
64563,1,1199
26241,3,28800
78607,2,7000
88152,2,11600
40316,2,3990
76832,2,22500
73780,1,500
141133,2,4400
97707,3,28500
133709,2,12200
2870,2,10900
48758,2,2500
5535,2,6200
14250,2,990
100708,2,3300
61759,2,1200
49642,1,500
127969,2,3000
128547,2,10300
37654,2,1350
44132,1,350
82232,2,2199
86682,2,4999
92774,2,5490
22862,1,650
12297,1,790
43063,2,16950
69841,2,1200
148749,2,7990
49229,1,300
122365,2,3950
57913,2,899
120313,2,2300
101307,2,1000
89438,2,850
28086,2,3800
25607,1,599
118424,2,4700
14456,2,4500
12123,2,2000
82342,2,2995
59709,2,2200
30842,2,1800
131774,2,5900
84908,2,1000
58234,2,1800
114170,2,2200
93838,1,550
101815,2,1450
136643,2,9250
39540,2,1600
39899,2,1250
30563,2,3850
62962,2,2400
69293,1,275
54703,2,2800
49890,2,11800
136382,2,9900
4916,2,7900
149331,3,18990
6837,2,800
2771,2,3390
144608,2,6000
56693,3,19990
97977,2,2650
33670,2,5490
47169,2,10600
146126,2,8199
77474,2,10800
145757,2,8999
38719,1,599
75145,2,4500
18131,2,7599
127013,2,1800
108684,1,500
109911,1,650
47897,2,9500
130370,2,2599
141719,2,4900
128475,2,3900
96207,2,12300
1358,2,4950
141260,2,4490
75643,2,2400
22825,2,1600
78798,2,2050
71172,1,900
98036,2,7700
95004,2,1250
17194,2,3200
78808,2,6000
23478,2,3150
7756,2,9500
5680,2,2200
51919,2,7500
22276,3,20000
5527,2,1550
143025,2,4100
110537,2,12250
6554,2,3500
20788,2,8250
66026,2,1450
75276,2,1300
90515,1,600
65368,2,16500
126697,2,950
52778,2,4200
31456,2,1900
431,2,6500
1368,1,1300
80883,2,3500
120330,2,10990
75693,2,9500
140178,2,2300
118097,3,23950
51556,2,3999
2207,2,31600
122437,2,5100
82846,1,300
68797,2,800
114828,2,13200
54010,2,250
98371,2,4450
12639,2,3600
56400,2,3850
40730,1,700
54482,2,3000
29413,2,1650
82702,2,3250
115977,2,7500
127592,2,1500
46057,1,900
60408,2,999
121050,2,4950
32357,2,1800
55373,2,1399
51057,2,9250
13462,2,24000
114020,2,3900
87500,3,44900
52541,2,1999
119367,2,9900
80032,1,250
125164,2,2099
66728,2,1700
17973,2,1450
117163,2,7500
71295,2,3150
131926,1,700
3536,2,498
149207,2,1250
134667,2,3200
75295,2,2500
62807,2,1900
110741,2,4250
80636,2,3800
42942,1,750
148278,2,6990
94704,2,9750
78347,1,175
47075,2,800
19817,2,4899
8655,2,5500
120733,2,7500
79349,2,1100
97069,2,14490
8404,1,400
115387,2,1950
90040,2,999
132892,2,13800
60519,2,1565
76330,2,2300
26922,1,300
110850,2,15800
143129,1,299
84066,2,2700
84792,2,2500
38072,2,1800
129954,1,800
97439,2,8899
132538,2,2000
95660,2,4400
92434,2,7899
26573,2,2450
78265,2,699
9525,2,1250
130729,2,2850
25789,1,500
31135,2,3800
12178,3,17500
137954,2,5995
67913,2,7100
87474,2,7900
61651,2,2600
110159,2,5200
59919,1,650
79280,2,15900
127765,2,1850
57652,2,2750
60346,2,1600
78726,2,3700
33604,2,2999
56764,2,2500
11415,2,1700
42133,2,995
35162,3,28900
17949,1,430
28209,2,8700
14752,1,350
66239,1,200
43140,2,3650
77906,2,8690
133622,2,8500
17409,3,29900
15921,1,100
32067,2,12900
26064,2,15800
42741,2,9900
131438,2,1800
53859,2,11490
130609,2,3299
69929,1,195
50257,2,2299
53240,2,5900
138934,2,700
15078,2,6500
92128,2,1100
60973,2,23900
98010,2,1400
140538,2,650
19622,2,799
73393,2,1250
45234,2,1500
88119,2,5350
133307,2,7900
145443,2,11399
41571,2,2980
33972,2,6500
140904,2,4000
3048,1,999
96920,2,7777
137464,3,25800
126055,2,8700
50215,2,2950
76938,1,899
137242,2,3850
81800,2,2750
119909,2,1300
17586,2,1100
126573,2,3299
3450,3,44900
56877,2,3599
9484,2,1200
81222,2,1100
52154,2,4199
19056,2,4290
88990,2,7990
15524,2,6500
120598,1,350
88788,2,14000
123303,1,500
100739,2,5500
44016,1,400
70607,2,1750
136178,2,6900
102424,2,2450
33557,2,5000
129821,2,1300
135639,2,11499
11135,3,25999
133604,2,850
92269,2,7745
21135,2,6950
6081,1,250
15850,2,6999
70021,1,450
101713,1,400
94307,2,1600
85167,2,990
146577,2,2399
19887,2,3500
127499,2,2150
45958,2,2300
24035,2,9600
49510,1,550
88337,2,5790
72347,2,1950
24567,2,900
102729,3,27750
12690,2,1000
53076,2,1699
76663,2,10000
3703,2,5950
70362,2,4000
36055,2,1150
104994,2,2500
67894,2,13500
96352,1,1050
137681,2,1750
121412,2,1200
44095,2,12500
76434,3,23500
23585,2,7150
46521,2,5000
63627,2,6900
26550,3,31500
27182,2,999
95766,2,1250
76874,2,5200
49097,2,1400
87024,2,2300
102908,1,250
105985,2,8490
56830,2,3999
65284,1,175
93323,2,7400
102446,2,1499
128226,2,1590
92663,2,13900
90676,2,1800
67417,2,5950
126220,2,14200
59776,2,9990
102598,2,18499
19870,1,550
11561,1,200
108279,2,1200
108717,2,2000
33655,2,4700
6083,2,27500
112964,2,10399
128948,2,2850
134318,2,2950
111000,2,18000
115837,2,5500
99676,1,700
31971,2,12300
45001,2,1800
68050,1,500
127264,2,11450
16805,2,4900
24810,1,600
112376,2,1700
53316,1,100
144181,2,3750
139941,1,999
104806,2,3500
28310,2,10800
121535,2,7200
138133,2,1700
111798,2,2200
148247,2,1990
129916,2,550
3042,2,2850
39167,2,1000
56776,2,950
46249,2,1450
109313,1,555
42785,1,700
105973,2,4999
79264,2,2350
138911,1,380
118340,2,12900
9312,2,2500
37851,2,2700
76026,2,8950
16004,2,10999
11444,2,3990
125216,2,1800
74202,2,1450
31921,2,14500
106483,3,24500
114842,2,6700
63890,2,6900
146803,1,160
143711,2,9980
31115,2,2690
70283,3,35000
92849,2,15500
69961,2,1200
127265,2,7950
45466,2,10400
31348,1,650
122325,2,5500
10984,2,2000
121568,2,2900
119747,2,4100
54558,2,1200
78237,2,4800
34776,2,550
124176,2,1499
104332,2,2700
52260,2,9950
82839,1,1000
90961,2,7500
127987,2,6000
27341,2,1950
100393,2,800
50412,2,7850
36552,2,1399
85391,2,19350
64663,2,2100
108671,2,5950
136177,1,250
141541,2,8700
98726,2,990
148175,2,1000
16882,2,8190
69677,1,850
85319,2,2700
143473,2,4950
137334,1,800
135095,2,700
148055,1,600
45769,2,3450
128658,2,1300
70025,2,3999
129984,2,1390
8667,1,280
125236,2,13300
120408,2,19900
129063,1,500
128408,2,2222
63170,2,2500
142356,2,1900
145721,2,1999
3648,2,2900
148351,2,3800
138764,2,16999
55486,2,5200
60803,2,1990
128921,1,500
27547,2,2000
59208,2,5300
88109,2,4200
38900,2,1999
68015,2,3990
13351,2,11300
136467,1,450
36602,2,4750
26785,1,850
3635,2,13000
129676,2,7200
102977,2,1799
58717,2,5700
86158,1,270
18706,2,1400
37634,1,450
109641,2,5600
59002,2,7999
83339,2,5800
28328,1,100
138422,2,1650
89216,2,3450
128101,2,899
56814,2,14600
135907,2,4500
77837,2,16899
79247,2,6450
62153,2,5699
97955,2,3777
83233,2,1800
34057,2,1399
91543,2,9500
7142,3,47500
25040,2,4290
60099,1,399
73516,2,4350
33226,2,2800
42017,3,14600
132847,2,2700
22753,2,10500
127819,2,1550
69653,2,2800
80876,2,999
87499,2,7750
77690,2,5999
1984,2,305
20973,2,4999
33845,2,8900
136902,2,3500
101829,2,4199
68575,1,150
1140,1,799
35915,2,1450
130967,2,16700
16700,1,649
139926,2,1500
56747,2,2950
15889,2,9000
135495,2,18400
138749,2,2750
25065,2,6000
101420,2,5750
109761,2,4000
83602,2,9000
10382,2,13950
57029,2,3800
139584,2,2650
128456,2,1950
38930,2,7900
101292,2,850
137292,2,850
69753,1,400
139854,1,200
98846,2,999
69567,2,3499
68329,2,4900
131602,3,16650
82889,2,3900
59188,2,1000
148316,1,400
130744,2,22500
13915,2,4500
16328,2,16990
26599,2,13500
80180,2,999
121240,2,8690
4423,2,5300
97928,2,4900
142974,2,15500
37147,1,130
141250,2,2150
137495,2,2800
63174,2,1700
138421,2,850
126975,3,36440
23897,2,9500
37623,2,5500
108094,2,12999
130269,2,3400
54031,2,5000
17714,1,80
19411,2,17999
80983,1,490
114370,2,8500
67993,2,999
29000,2,3499
117148,2,6999
51685,2,6300
138220,1,500
126829,2,1290
55774,2,2000
33636,2,5990
1884,2,1000
7990,3,25950
19714,2,1650
1122,2,10790
91033,2,1000
140532,1,325
78420,2,2500
103447,2,3800
44565,2,3950
108090,2,1999
40541,2,950
123375,2,2700
132504,2,4600
51677,2,18500
125044,2,10500
95641,1,750
96682,2,5994
22340,2,1500
31138,2,6500
51458,2,650
143100,2,8700
38300,1,800
8912,2,4200
66564,2,2300
22238,2,2599
58433,2,890
141629,1,599
107010,2,2500
149592,2,5450
84810,2,1850
139485,2,1300
71204,2,7500
79513,2,8960
7413,1,240
32689,2,1000
53325,2,1200
99460,2,1650
103608,2,10379
53422,3,24900
130766,2,3900
84765,3,37990
132644,2,2650
64319,1,900
46152,1,279
11113,2,9999
88186,1,700
82561,2,4900
12881,2,3990
68251,1,650
111064,1,800
102149,2,1500
98126,2,3990
61102,2,2700
22356,2,1990
1530,2,3350
84521,2,4250
4956,2,1300
46151,2,5300
138153,2,4200
91989,2,2800
88702,2,1850
14320,1,500
109968,1,600
47034,2,1000
73091,2,850
123158,2,13750
21009,2,650
60795,2,3199
121227,2,4990
128196,2,4790
106389,2,2300
11782,2,11999
135477,2,13800
130513,2,7999
114485,3,27399
69543,2,15900
111933,2,3249
126599,2,4400
58136,2,2000
112350,2,1550
42212,2,3999
44316,2,6999
48655,2,2999
44424,2,3500
59356,2,1350
139811,2,3799
126036,2,1999
68793,2,3500
53103,2,3990
135988,2,9300
73329,2,3999
27922,2,4500
26938,2,1500
79146,2,9200
22424,2,999
52479,2,1800
24403,2,2750
125295,2,5900
26439,2,2350
46784,2,2750
23564,2,8500
136948,1,599
77075,2,3500
79251,2,999
80559,2,7300
93566,2,7999
127683,2,9000
32570,2,6790
42605,3,29600
88545,2,750
123834,2,8000
49088,2,2400
3300,2,1450
51064,3,56900
8022,2,3910
33777,2,5800
73657,2,15000
82347,2,1250
32162,1,500
125547,1,380
50687,2,17900
144454,2,5800
125086,2,6950
10036,2,1500
67982,2,1390
58163,1,200
49854,2,3200
96777,1,699
65411,1,250
142687,1,900
5342,2,11500
1913,2,5900
35949,2,1500
110381,2,500
68141,2,4500
69715,2,5999
113103,2,5600
75061,2,6950
19314,2,1700
66534,1,500
89430,2,3799
78125,2,20500
125738,2,1000
98138,2,16800
134664,2,2950
8075,2,1250
61645,2,3500
130834,1,600
143073,2,3200
5464,1,850
68965,3,27999
109310,2,1100
10505,2,1800
117580,2,950
66423,2,1600
109575,2,1111
121062,2,2600
26517,2,1599
83888,2,10920
99331,2,4850
117348,2,3590
27441,2,600
114063,2,1999
91493,1,450
136504,2,1000
134373,2,1500
10337,2,6200
55275,2,7900
110409,2,850
142905,2,11000
75689,2,8300
70278,1,650
104035,3,25200
37427,2,8900
98688,1,500
32231,2,2400
29572,2,4900
117591,2,5200
105200,3,13999
104946,2,3099
101629,2,6650
110664,2,5490
89141,2,2400
86237,2,1500
121026,2,4200
148891,2,3300
24092,2,1999
139354,1,950
99122,3,21700
37679,2,7400
126464,2,5500
115841,2,1600
142362,2,1800
9224,2,1350
68023,2,1399
94588,2,8200
17929,2,9100
132048,2,750
23216,2,1500
89532,1,350
91311,2,10900
62624,2,2200
130453,1,799
56374,2,13900
80419,2,10990
120429,2,5150
18605,1,850
91077,2,4500
16336,2,6400
130683,1,500
50303,2,1500
125251,2,17500
133984,2,6999
64542,2,3000
61449,2,6888
129901,2,1900
97621,3,38500
142048,2,4900
24935,2,2199
37293,2,2750
43671,2,5000
105920,1,299
48858,3,24000
140286,2,14650
57109,2,7800
65393,2,10500
19122,2,2450
2209,2,2450
106784,2,1050
45166,2,6490
111752,2,6500
43450,2,6900
58429,2,990
1137,2,1500
25942,2,6700
55251,2,8100
51691,2,7680
105074,1,45
78937,2,2200
77328,1,170
61591,1,699
97297,2,2150
122289,2,7190
29383,2,11900
43983,2,550
26671,2,3400
42339,2,2300
118847,2,1200
146541,1,750
3378,2,6450
124186,2,10500
97507,2,11480
25000,2,6750
78031,1,200
128269,3,26490
119140,2,5300
95061,2,2900
1051,2,12900
2378,2,1450
27943,2,7300
123065,1,850
119598,2,8499
126156,2,2850
48288,2,1399
91685,2,2300
41737,2,17400
8414,2,5999
4662,2,1750
87087,2,6480
72363,2,21500
134687,2,12000
115205,2,3300
89889,2,1600
129580,2,1300
34409,1,800
9434,2,1450
53870,2,2150
119640,2,2100
20297,2,6890
38048,2,2500
54932,2,3900
93907,2,5780
68806,2,3299
78495,2,1295
44863,2,3200
133322,2,3500
35011,2,4900
148936,3,22000
83053,2,3150
140382,2,6999
103129,1,777
149860,2,3399
147412,2,10550
94022,2,2400
99260,2,6299
144429,2,4195
6063,2,4750
55908,2,7390
108580,3,30990
113495,2,17500
70786,2,3500
37112,1,180
58516,2,7650
68916,2,2399
3976,1,250
67504,2,9800
109757,2,995
146017,2,9900
73537,2,3150
24876,2,800
65590,2,2949
135003,2,5450
54321,1,200
35615,2,1900
108596,2,7800
72811,1,300
46958,2,2600
13678,2,7950
118292,2,5200
17582,2,2000
143658,2,8350
95471,2,6500
18620,2,1700
27555,2,1550
72640,2,5250
72321,2,2150
141764,1,200
84246,2,8450
39448,2,2400
103183,1,750
128185,2,6800
14738,2,5800
80141,2,6500
36969,2,7490
112522,2,1649
147986,2,9000
64450,2,2750
10751,1,270
2821,2,3400
30160,2,1780
71719,2,690
65547,2,550
53735,2,12999
34759,1,500
25795,2,4000
61739,2,8900
53702,1,350
101105,2,5800
35323,2,12500
55781,2,9500
134738,2,1650
46389,2,1750
23169,2,980
20274,1,110
134780,2,990
42258,2,5100
130288,2,15800
147311,2,14900
55216,2,8500
92353,2,1250
66164,2,5900
31246,2,2199
138485,2,2200
26375,1,1000
135752,2,7250
111092,3,30500
27513,2,2200
115749,2,3499
26714,1,300
39354,3,18800
16193,1,200
137524,2,12100
75927,2,4500
134359,2,10500
54682,2,18900
74796,2,949
106886,2,4750
73182,2,6999
133275,2,3750
138792,2,9950
21918,2,2990
9903,2,11000
80611,2,1999
106866,1,850
124551,2,9000
74283,2,17500
145022,2,2850
99786,2,2850
60753,2,2300
56172,2,1998
74611,1,750
149344,2,1390
106695,1,600
815,2,4000
65997,1,999
139187,2,7999
87246,1,250
45432,2,550
75652,2,3700
9518,2,5000
2909,1,150
68750,2,30000
25101,2,6951
77275,2,5750
149527,2,9500
135555,2,7000
79622,2,5200
111040,2,7950
91059,2,7250
140187,2,1700
10123,3,14790
107704,2,2900
60712,2,2500
146733,2,2222
74058,1,500
2664,2,7200
18384,2,5950
67887,2,3800
40634,1,300
146677,3,21900
7779,1,500
87129,1,500
72736,2,12400
131121,2,1000
141186,2,2300
105595,2,2850
102120,3,23499
36354,2,2799
26436,3,17950
72916,2,1150
22788,2,19990
62399,2,19450
34631,2,3500
103683,2,1450
135764,2,2800
49596,3,16000
27053,2,5250
57388,2,800
122911,3,84900
11256,2,6350
14131,2,2800
79652,2,1299
133825,2,3699
120053,2,1500
59373,3,31500
117859,1,150
56402,2,1550
63168,3,57000
54885,2,1299
98186,1,970
111291,2,1800
87554,2,14000
88781,1,600
141866,2,1999
147681,2,13800
116338,2,1500
95679,1,450
80346,1,550
10713,2,6950
51079,2,6200
27656,2,10000
114239,2,9200
28813,2,3450
81941,2,7399
128382,1,850
43805,2,4000
563,1,800
84730,3,20400
57881,2,4000
12506,2,13000
50554,2,2250
68833,2,8099
30088,2,2600
55276,2,1650
25171,2,1200
120743,2,17490
120991,2,1450
133482,3,19490
117518,2,7490
1157,2,999
90842,2,1000
15356,2,8999
106581,3,28100
81172,2,7950
40514,2,1600
86223,2,1500
146790,2,4350
76683,2,3200
83997,2,999
41954,2,1500
99955,2,16900
137029,1,500
13992,2,14700
111896,2,2700
102809,2,1999
84958,2,16900
6453,3,18800
12964,2,2200
115905,2,9250
142008,2,1400
119764,1,699
18263,2,1500
134134,2,3199
85479,2,10590
102343,2,3490
138374,2,1000
115041,1,1700
83509,1,250
66345,2,4199
8984,2,1599
122511,2,2345
99058,2,6600
127020,1,600
78016,2,7700
65240,2,13400
143859,2,8200
71854,1,600
31431,2,3999
148031,2,1050
12886,2,3250
83042,1,350
86234,2,1650
29754,2,9990
39349,2,1250
19876,2,8299
87641,2,7200
80279,1,500
5508,2,6000
77209,2,6000
89167,2,2600
80575,2,1699
100748,2,2490
92641,2,1900
138090,2,9990
135926,2,12800
24370,2,6800
70523,2,15400
4444,2,6200
36744,2,14900
2668,2,9900
11425,2,1000
93866,1,550
78268,2,3300
47970,2,7850
130637,2,990
82708,2,1100
96605,2,2799
93996,2,3590
31905,3,29500
71825,1,950
130955,3,20990
76697,1,350
89933,1,250
47665,3,21900
19151,2,2200
100539,2,13880
15588,2,2880
16818,2,2000
102714,2,5900
84819,2,16500
22619,2,8450
19485,2,2900
16550,2,3500
114366,2,1399
45817,2,999
142489,2,1390
25819,2,2100
59287,2,6500
17506,3,20480
51051,2,9500
546,2,14000
17013,2,1300
113375,2,800
9204,2,8500
139215,1,700
47700,2,3150
55813,2,15350
146399,1,1300
81381,2,1700
18326,2,1500
26165,2,4750
114268,2,8500
134816,1,599
69164,2,2950
76345,2,6200
98062,2,2699
25902,2,3000
141718,2,2600
69713,2,1999
26739,2,9900
136521,1,500
1309,3,22499
140584,2,7500
100784,2,1000
108082,2,1100
29248,1,500
143695,2,4899
125039,2,6200
864,2,4250
63753,1,800
67435,1,750
140598,2,22950
24155,2,2900
105703,2,8199
33690,2,6299
134418,2,5000
9707,3,29000
52708,2,3750
935,1,550
112751,2,2700
106102,2,5700
25761,2,1250
33922,1,350
21535,2,13599
20117,2,2500
85528,2,5500
92246,1,350
28535,2,19600
23905,1,270
94094,2,1550
74062,2,1050
122502,2,10000
56347,1,799
72188,2,1200
87058,2,650
121358,1,300
6523,2,1790
78215,2,800
110754,2,22400
84932,2,999
36307,1,550
27477,3,64900
22147,2,5500
122750,2,2900
87184,2,1500
45440,1,100
26054,3,19500
18518,1,800
53175,2,2100
104661,2,7700
113199,2,2950
82204,2,1700
20921,1,600
100640,2,899
13922,2,5550
135651,2,3100
136936,2,1000
143515,1,450
27379,2,3500
135238,1,750
139161,2,4950
144053,2,6900
11641,1,700
682,1,250
110762,1,120
40282,2,2299
66758,2,4400
20259,2,4600
141131,2,10000
87015,2,6500
87111,1,700
42760,1,180
94634,1,450
95360,2,16500
42330,2,4500
70277,2,4700
76525,1,450
104589,2,3599
54076,1,550
106396,2,5350
107177,1,250
141542,2,5200
39133,2,13000
5286,2,1600
6517,2,1400
100663,2,1499
28182,2,4999
78406,2,9200
34495,2,4500
71559,2,4300
139931,2,620
117761,2,9250
87607,2,600
38279,1,900
26141,3,25900
108154,2,1190
49044,2,1399
11581,2,17800
114900,2,5000
9195,2,2600
122455,3,17900
69939,2,850
125093,2,1099
111808,2,1799
105942,2,5700
5731,2,5300
70569,2,4950
44906,2,1750
97693,2,6390
34670,2,7600
80809,1,525
60391,3,18500
37022,2,990
104794,2,8099
12656,2,8650
5662,2,14900
136209,2,16500
11065,2,3850
114942,2,3200
61889,2,2900
16298,2,950
4676,2,2800
14255,2,2050
91738,2,19950
133121,2,4500
37133,2,16900
41512,2,1991
18635,2,6900
63686,1,200
131422,2,1150
84668,2,3650
42256,2,2500
94847,2,1050
99391,2,14600
121972,1,350
49014,2,12299
62079,1,100
5220,1,300
91960,2,6290
142615,2,5899
90813,2,9999
120572,2,1350
64208,2,17850
133500,1,160
145045,1,200
34029,2,3700
28260,2,3999
48032,2,5555
88410,2,999
68075,2,4500
75476,2,5600
4529,1,770
122103,2,12999
76477,2,4150
94913,2,1699
124221,2,3500
81965,2,5450
95270,1,100
49750,2,1600
10054,2,390
123283,1,750
128706,2,7200
44552,2,2200
32597,1,150
67050,1,500
23201,1,200
114430,2,2800
53554,1,499
75584,1,500
6687,2,1899
54311,3,20000
7211,2,4250
6993,2,15950
143401,2,10999
45970,2,2800
136121,1,499
61819,2,12500
67232,2,18990
7515,2,13500
134604,2,2900
42867,2,4950
137263,2,6950
29850,2,10000
31635,2,3700
94843,2,11499
69093,1,650
83631,2,1650
54165,2,2200
114159,2,1600
9079,2,11699
62297,2,800
108086,1,1280
10076,2,2200
14706,2,2199
77390,2,4950
67664,2,8500
119570,3,28950
75231,2,13999
71874,2,15900
24827,2,2400
14535,3,35900
139368,2,2650
49181,2,1750
12978,2,1350
8067,2,1150
105738,2,2700
78473,2,5500
115347,2,7900
42295,2,3500
18022,2,2200
125635,2,2100
82046,3,44000
129546,2,2000
81966,2,2600
7324,2,850
106306,1,250
31718,1,500
75797,2,899
6646,2,11500
44019,2,1200
56620,2,3000
138028,2,1800
119143,2,1190
23266,2,8400
42093,2,1950
117575,2,2500
80691,2,12500
142954,2,14500
6931,2,8200
96987,1,444
100869,1,550
118512,2,999
136550,1,420
99913,1,500
81196,2,5500
25595,1,300
133671,2,2900
95689,1,350
114483,1,100
82497,2,11750
64707,2,4490
45322,2,3500
80409,2,999
106514,2,11999
128122,2,4000
56298,3,17890
116524,3,22900
83197,2,999
55697,2,9300
9225,2,1650
70458,2,4900
80389,2,4950
12883,2,3900
20054,3,34990
92184,2,2200
91827,2,11300
108781,2,5799
2766,2,12500
70836,2,6599
75279,2,4999
821,1,500
7405,2,6750
6877,1,275
24263,2,16499
148273,1,550
32024,1,250
99806,2,1550
7184,2,16390
15835,2,1250
7772,2,850
124123,2,12250
76573,2,4450
96617,2,5800
96775,1,800
107577,2,1200
5447,2,9990
42627,2,1150
6273,2,9550
35944,2,2100
47218,2,2450
114915,1,380
110875,2,2300
32795,2,2800
52204,3,29990
29833,2,1290
130910,2,1299
134096,2,2000
107499,2,1400
12146,2,599
4632,2,3300
114122,2,1250
90072,2,3300
39304,2,11180
65860,2,11500
95893,3,13980
137,2,2500
101271,3,39900
55007,2,1150
107700,1,800
130165,2,2099
145939,2,5800
59570,2,1050
83361,2,12890
78035,2,1100
23350,2,8900
10474,2,1950
8474,2,3990
35639,2,700
122469,2,4900
1339,2,11900
134906,3,44990
35794,2,2950
42160,2,9300
37448,3,21950
56641,2,11998
20698,2,19500
118525,2,11000
137894,2,2990
102601,2,2800
131116,2,16799
124852,2,10100
74088,2,1000
102545,2,950
16872,2,3299
117110,2,950
116909,2,6000
97388,1,650
34979,3,15990
57141,2,950
111556,2,1150
43328,2,2900
146445,2,1000
74432,2,6990
57923,1,650
116273,2,3900
19395,2,2700
114106,2,3800
5090,2,2200
140562,1,350
72561,2,1000
103576,2,2900
9378,2,8200
26661,2,4480
27738,2,1400
79602,2,6500
46105,2,6250
109876,3,27900
2778,2,8888
69790,2,1350
74200,2,3899
32767,2,1300
129889,2,2650
33771,2,1100
33252,2,4999
77502,2,2500
114611,3,39500
122285,3,18400
35219,2,3200
101897,3,32500
116278,2,11890
83487,1,650
67903,2,7000
96660,2,5950
47379,2,1500
76772,1,300
125409,2,650
3263,2,4650
73899,2,1580
147865,2,970
40261,3,16500
57127,2,4590
38024,2,4150
87764,2,5350
59656,2,7100
71827,2,6300
19227,2,1999
35778,2,2400
118974,2,15750
142727,2,1999
91582,2,1300
64821,1,400
53843,2,13300
21834,1,600
137578,2,4499
20469,1,450
94069,2,18900
105067,2,3600
131332,2,1500
106655,2,650
32232,1,750
117254,2,1800
52110,2,21999
62331,2,1999
105563,2,2500
136417,1,900
7478,2,8500
30173,2,1400
22621,2,1850
100741,1,380
8460,2,1000
71389,2,4300
15062,2,3100
76562,2,19500
97591,2,1750
117170,1,729
10232,2,1950
13127,1,300
112,1,600
28555,2,2500
66815,2,1950
146384,3,21999
137610,2,7199
82170,2,1200
5616,2,9500
72566,2,14200
10324,2,850
75784,2,7500
122888,2,4900
70558,2,749
136196,2,10090
102793,2,1400
133793,2,3000
72331,2,6900
15288,2,2250
87440,2,6900
24456,2,3650
134392,2,5000
143078,2,1100
9468,2,2650
62389,2,1100
82806,2,1750
36416,2,10990
114551,2,6500
40674,2,10800
122813,2,950
22858,2,1149
14244,1,280
101532,2,6700
94867,2,8490
141988,2,1300
146456,2,13950
79943,2,5900
149768,2,2199
14266,2,1299
98619,2,6850
4163,2,15800
146320,2,11500
24854,2,4000
78488,1,600
72157,2,7500
111854,1,1000
96447,2,1200
115421,2,1400
15711,2,11499
49841,1,699
67451,1,1500
71626,2,13387
33002,2,10100
70526,2,9750
137299,1,100
86005,2,1150
86419,2,13900
51445,1,550
111926,2,4000
50154,2,9000
66201,2,1800
87617,2,3333
1103,2,5900
29475,2,3333
47300,2,2100
92154,2,2600
115446,2,1500
118683,2,4299
90830,2,13450
96452,2,3250
115070,2,1600
95446,2,1400
45318,2,3500
127961,2,1150
87717,3,37000
66007,2,2900
111816,1,350
143820,2,11000
2816,3,24739
12502,1,550
118234,2,15800
108331,1,420
145073,1,250
94078,2,799
16607,2,4500
106164,2,2590
14631,1,400
52205,2,4100
41668,2,3399
68909,2,6800
131325,2,2600
72432,2,3200
10096,1,900
111862,2,2590
33571,2,5000
104007,1,850
32431,1,1350
49068,2,1300
113149,2,1150
143856,2,1500
100270,2,4940
133554,2,4300
59326,2,1200
72532,2,800
41952,2,8650
79890,2,9500
95294,2,800
323,2,1600
17655,2,7990
8989,1,450
28789,2,9900
51137,3,23900
44065,2,2499
32432,2,7400
144640,2,3500
18971,2,3600
63849,2,11500
53220,2,1200
141647,2,5500
11382,1,750
71504,2,2750
61176,2,3200
66104,3,27800
118024,2,8450
30304,1,300
32274,2,11500
13937,2,3499
64404,2,2750
144024,2,1190
70632,2,16500
95072,2,1200
38062,2,1200
145093,2,2650
96540,2,4000
90265,2,2800
139479,3,18000
117620,2,950
41746,2,13999
30490,2,3500
110951,2,700
74141,2,3999
5876,2,4499
89817,1,550
131571,2,999
104677,3,32990
114578,2,1000
105750,2,1200
70374,2,1590
89125,1,550
82012,2,7999
115215,2,12390
49268,2,14900
62724,1,330
48508,2,6300
121820,2,7000
116362,3,36500
127810,2,15700
13190,3,16990
46226,2,4999
81080,1,700
26557,2,4950
135797,2,1999
48169,2,1450
85832,2,8888
30262,2,2590
56832,2,5800
106707,2,1700
99765,2,2200
71555,2,2900
117923,1,350
149817,2,2300
86148,2,1600
29261,1,650
13180,2,3500
78479,2,18999
123043,2,1490
45956,2,13990
70183,2,5500
51016,2,12800
68675,2,15490
1725,2,2980
139092,1,2890
83368,1,799
75421,2,5500
3885,2,3100
49620,2,3900
113399,2,12500
21278,2,2350
48725,2,999
58623,2,4200
100022,2,2200
129974,2,2300
80500,2,5600
94993,2,4500
121845,2,1000
97274,2,13000
77667,2,800
68852,2,3700
27128,1,800
28450,2,999
117026,2,2999
9697,2,1750
85889,2,1700
87056,2,5300
53943,2,2700
62126,2,3500
36429,2,1650
70237,2,2500
145844,1,600
136357,2,3990
39429,2,2450
38090,2,8990
127616,1,899
55853,3,33333
110010,2,4800
81687,2,1200
139200,2,5200
53372,2,5700
16919,2,8900
82507,2,2600
142185,2,1550
18154,1,650
9343,2,3490
75981,1,150
116724,1,450
42097,2,8500
85874,2,6100
22266,2,8900
78573,2,11300
89965,2,1500
32116,1,650
96638,2,8200
25197,2,3350
86555,1,450
94686,2,6500
76793,2,7940
53603,3,45000
44359,2,10500
49096,1,1100
114982,2,10700
114048,2,3750
78079,2,4850
9499,1,800
78211,2,18000
113256,2,5290
126795,2,2500
56348,1,1149
86466,2,1333
26323,1,450
61252,2,2599
4023,2,6999
26292,2,9800
32851,2,10900
49248,1,900
105716,1,480
80804,2,15000
79018,2,4999
32514,2,1999
119474,2,6200
111411,2,1780
38096,2,13999
1496,2,1799
19937,2,5700
108764,1,125
127276,2,13800
121935,1,200
44891,2,11999
78117,1,890
39836,2,7790
100214,2,1100
7099,2,4900
27076,2,1200
90894,2,13333
94476,1,150
59061,2,9950
102608,1,700
100144,2,1999
55154,2,6490
131540,2,12500
14065,3,19500
18723,2,3900
131636,2,3500
3135,1,475
112578,2,17200
59629,2,3999
19233,2,1599
139963,2,3450
42000,2,6950
102846,2,2750
111789,2,1650
76020,2,6500
65187,2,5800
117884,2,2200
11015,3,46000
146880,2,6650
111414,2,7500
43685,2,4850
64834,1,300
102253,2,7900
97522,2,6000
140989,1,600
64408,1,1150
58743,2,10400
40268,2,1800
107788,2,4200
143805,2,3100
19803,2,4499
55958,2,3490
1944,3,15990
77310,2,4400
93643,2,2700
72691,3,22300
80085,2,1000
92328,2,1200
88558,2,3999
95739,2,1750
124030,2,6500
60102,2,4700
118037,3,23500
481,2,14999
55859,2,6200
6872,2,1500
122194,1,1000
142651,2,4199
22269,2,6999
33262,2,1150
59874,2,4400
117768,2,800
136249,2,500
73216,2,2500
3427,2,9500
62436,3,17900
147821,2,1200
26864,2,3450
46127,1,500
145806,2,1599
146181,2,9999
106832,2,1399
2494,1,350
20604,2,700
108834,2,900
73773,3,20589
2221,3,24999
134605,3,13500
86636,2,3400
142233,2,11790
47008,2,17799
54651,2,6600
75963,2,1500
63594,2,9500
33219,1,1100
87752,2,10900
39952,2,3750
96851,2,18888
44345,2,13333
142223,2,2600
136731,2,2490
100861,3,22500
101337,2,2999
79036,2,1490
138134,1,700
53250,2,8500
144169,2,5200
72022,1,550
118077,2,5800
84684,2,3300
115282,2,3900
138142,1,599
144851,2,11200
73052,3,17600
93758,2,950
12694,2,6500
148626,2,6500
27432,2,2800
139791,2,8999
14303,2,6250
92223,2,1950
88104,2,3599
109053,2,6000
82560,2,3999
70606,2,3700
22474,2,8700
80509,2,7800
28325,2,2400
149285,2,1000
78220,1,599
58730,2,1000
31097,2,8000
87837,2,19200
107156,2,3290
22410,1,200
59112,2,10420
111770,1,1000
93548,2,5700
7207,2,1150
45863,2,8900
74221,2,3999
111795,1,600
117451,1,300
88327,2,14850
80089,1,500
69233,1,350
135622,3,19900
7831,2,650
726,2,3800
82592,3,25500
86348,2,1900
85484,2,6400
112101,2,7850
149889,2,3350
62251,2,11200
51930,2,3000
24122,2,6900
127158,1,700
85247,2,3000
5186,2,2000
61647,2,1000
82123,2,17300
141977,2,10000
45852,2,3699
47473,2,900
93132,2,6850
60752,2,12900
91944,1,450
106626,2,6490
78891,2,2000
108904,2,9750
89786,2,1600
44293,2,2800
118448,1,650
40336,2,15900
74292,2,3250
123072,2,7800
105350,1,600
3979,1,399
91709,2,2200
38939,2,3100
14826,2,2250
143329,2,5999
102448,1,800
88283,2,2800
5004,2,1200
78702,2,3350
23508,2,550
143167,2,3600
39934,2,13800
136019,2,2700
130472,2,8300
93099,2,4600
46933,2,14599
112553,2,5450
36422,2,1200
10109,2,9400
115577,2,5002
35168,2,9850
140109,1,650
119889,2,699
110508,2,6490
109158,2,9500
48282,2,6790
82739,1,200
61578,2,6350
51108,1,300
95803,2,3800
99716,2,250
31304,2,2900
42023,2,2490
36709,2,3100
107964,1,350
76071,3,15880
138832,1,500
20258,2,950
55363,2,16150
105146,2,12100
102143,2,2499
119775,2,4700
112876,3,26800
20006,3,24999
129842,2,900
131808,2,4400
69367,2,11499
32465,2,1900
3527,1,600
19175,2,3500
109747,2,5300
76375,3,85000
65055,2,3950
105501,2,8800
6509,2,1500
59169,2,16500
16431,2,899
110764,2,1549
125829,2,899
141550,2,13999
53074,2,3300
58159,2,1750
104770,2,4250
60472,2,800
18694,2,900
131960,2,9800
128864,1,250
109150,2,6666
100808,1,200
86680,2,750
116038,1,400
35786,2,2999
115676,2,8200
149823,2,3999
124233,2,2200
123907,1,900
123099,2,900
146271,2,599
146875,2,4799
67300,3,24150
42733,2,18490
101378,2,27450
10128,1,700
89784,2,2400
47471,2,2000
90932,2,666
21536,2,3750
73730,1,800
134659,3,36900
127581,2,2200
144688,3,27900
11494,2,3000
109678,1,550
48210,1,650
10361,2,4900
26768,3,18900
29879,2,1700
10011,2,850
37533,2,7900
143974,2,1600
52083,2,9250
146435,2,5950
37033,2,8890
122840,2,1890
10794,1,150
66023,2,4500
1445,2,1900
18691,2,11950
36255,2,3750
104481,2,1799
39845,2,14500
61423,2,1650
15669,2,6000
3259,2,6999
144200,2,1600
44785,2,20500
61929,1,600
34344,1,850
94744,2,10400
63085,2,17900
75275,2,1300
16851,2,17500
106165,2,1350
9516,2,5500
91892,2,7115
37817,2,2000
129747,2,2990
42257,2,3900
35064,2,9950
138340,2,1890
59501,2,3750
50855,2,3250
6241,2,900
80694,2,2650
107990,2,990
129169,2,999
93217,1,900
28258,2,3490
123567,2,2500
3120,3,31000
92539,2,3600
98423,2,1290
148366,3,37800
118748,1,650
79317,2,4300
130410,2,4850
7246,2,5999
42352,2,3200
133690,2,1950
104720,2,9499
133005,2,1200
133092,2,12800
70487,2,1400
74295,2,3800
76585,2,2480
19352,2,1299
105769,2,1000
94269,2,2001
35618,2,5500
104295,2,1250
12811,2,3999
95250,2,2899
18874,1,240
78303,2,1690
53709,1,750
58630,2,2200
51831,1,650
29345,3,44900
126338,2,4700
36033,2,2950
4347,2,2450
19520,2,4600
72704,2,2200
73317,2,15999
39855,2,2999
92297,2,2900
84404,2,4500
89618,1,800
66939,2,8300
12566,2,4600
9043,3,24990
38251,2,6199
131883,2,1350
42414,1,660
134693,2,9500
68262,3,37750
46692,2,7490
29851,2,3100
58888,2,15990
11810,2,500
11717,2,1200
141167,2,11150
143023,2,3200
55367,2,10800
111347,1,550
85731,2,2000
102950,2,11700
39255,2,5800
34782,3,28900
4642,2,1250
74729,1,190
100455,2,1200
83455,2,18800
18527,2,800
126839,1,500
69710,3,21900
39183,2,2000
108920,2,2400
97598,2,5500
142201,2,4250
108141,3,27800
19758,2,7250
29083,2,1500
149561,1,50
47143,2,1399
74483,1,200
31299,2,4799
4570,1,350
29338,2,13450
90199,2,12600
55026,2,2000
2097,2,2900
123889,1,275
140088,2,5500
7992,2,3800
17996,2,4300
48263,2,2950
74367,2,7900
96210,2,15555
121722,2,1000
86779,2,13999
83232,2,12800
37928,3,28200
134091,2,8200
24111,2,6300
116682,2,1600
101071,2,3300
917,2,3500
148064,2,1350
4790,1,250
88009,2,4650
112724,2,1200
113909,2,7500
56092,1,500
21862,2,9390
96762,2,4000
6724,2,8900
144453,2,2350
129720,2,1000
18902,2,1600
130126,1,1150
65682,2,850
96717,2,3200
52114,3,23900
76106,2,3499
36353,2,3500
72952,1,150
94639,2,11800
143663,2,2800
36424,2,2390
141471,3,17700
131006,2,4699
147919,2,1150
5160,2,7500
11646,2,4350
113124,1,599
131213,2,4500
59450,1,200
109325,1,500
75136,2,11990
28335,3,63900
14941,2,6800
99687,2,3200
65221,1,550
140740,1,650
74775,1,599
27712,2,1000
116444,2,2999
39353,1,450
100839,1,300
61781,3,25800
6164,2,3700
113856,2,5490
92524,2,4650
87854,2,2300
37645,2,2750
31399,2,7999
21318,2,3200
113028,2,3899
62930,1,250
28762,2,1450
130169,1,120
148317,2,10950
54548,2,7000
111277,2,2000
142131,1,500
147603,2,2950
1623,1,800
14405,2,700
109233,2,17500
135552,2,2700
94406,3,20500
92561,2,5599
113968,2,11999
8362,2,7800
144464,2,6000
28010,2,14900
74879,2,2100
48647,2,5950
49636,2,5200
12269,2,4400
51972,3,20500
98964,2,2500
63975,1,900
137463,2,900
106987,2,5995
32175,2,7900
73075,2,1400
146266,1,600
40682,2,2250
123348,2,4800
133722,2,899
31141,2,1400
23537,2,1000
26182,1,400
98504,2,8750
144443,2,3200
32380,2,13999
144793,2,6900
60722,2,8450
72857,2,1495
98851,2,2450
14485,2,11500
64287,2,1450
133945,2,8490
6863,3,49900
104318,2,10000
73992,2,999
126735,3,30900
63599,2,6700
27320,2,11250
48603,2,1900
78735,2,2500
125317,2,1150
108652,2,8500
24488,1,345
28092,2,5499
112267,2,1000
1986,2,2250
126613,2,4450
31434,2,3200
84723,2,5500
69607,2,12950
87762,2,1650
106403,1,850
100312,1,349
106287,2,2600
44549,2,1550
109159,2,1999
108794,2,3500
39616,2,6399
138379,3,24990
7379,2,699
8533,2,1900
98087,2,3900
130345,1,549
124842,1,200
102513,1,100
20371,2,6499
86506,2,1000
133098,1,85
41136,2,3900
21482,1,750
75882,2,10000
17922,2,4900
49747,2,5100
135834,2,1999
38127,2,15500
43664,2,1990
119182,2,3390
147640,2,2500
140293,2,7999
69774,2,9800
14710,2,4499
42570,2,700
82664,2,2500
22452,2,3850
112531,2,1150
136364,2,5000
65921,2,15900
23747,2,5890
84773,2,2222
129031,2,999
115787,2,8890
115573,2,14500
92433,2,6300
31039,2,3000
43057,2,27499
24869,2,9990
80593,3,22499
9404,2,9000
95598,1,700
104814,2,1199
36684,2,1200
84942,2,980
69086,2,650
68613,2,6999
19457,2,8400
1243,1,300
144036,3,15900
14675,3,20750
83701,2,1500
44469,2,7950
58023,2,2600
45410,2,5950
47057,2,3200
118205,2,1000
117992,3,16200
6143,2,2450
98,2,3000
123175,1,800
125406,2,4900
73567,2,2750
102931,2,1699
71948,2,1950
49972,2,8499
130255,2,1999
110747,2,14000
106463,2,1500
24974,2,6200
77961,2,4200
140456,2,7000
11331,2,4200
105529,2,899
66900,2,600
61638,2,5000
70980,2,500
8569,2,14150
54006,2,6450
31890,3,20000
53093,1,350
132648,2,7850
3424,2,5099
63257,1,590
116727,2,5999
91946,2,1499
19683,2,9800
90951,2,5500
148500,2,5500
109631,2,8950
137643,2,2600
24795,2,6000
99419,2,2600
96598,2,1700
82104,2,1100
126777,2,3900
147854,2,1490
122956,1,550
20912,2,1850
112893,2,1500
17966,2,999
18358,3,49500
87361,1,400
145523,2,12600
2814,2,850
25596,2,8900
26609,1,800
60957,1,500
48626,1,599
21759,2,21499
124694,2,18590
97132,3,26300
58290,2,11650
42190,2,7500
103934,2,8590
90129,2,2600
53450,2,1350
106132,2,2700
18082,2,950
58453,2,5499
99707,1,300
4355,1,1000
45927,2,4900
30451,3,23900
107944,2,4900
90783,2,10599
5035,2,4299
77060,2,3333
112382,2,600
52022,2,10500
140820,2,990
26115,2,600
103618,2,1800
64658,2,1550
64570,1,1150
4637,2,4899
139419,2,1450
105842,1,750
140678,2,14999
120850,2,2750
120028,2,1850
148764,3,24900
40882,1,840
12591,2,2100
91926,2,1250
17734,2,5950
140650,2,1400
17348,2,4950
100566,2,3750
17748,2,2100
44672,2,12600
981,1,300
72973,2,1750
50803,2,1650
115980,2,8290
17174,2,15500
119733,2,17990
34974,2,2199
29315,2,6800
54464,1,280
63392,2,15400
41705,2,1100
130056,1,850
130278,2,1700
132340,2,2700
5518,2,2900
17544,2,4500
55431,2,11200
85147,2,7300
63567,2,5900
114701,2,10500
106196,3,25999
28698,2,12499
56095,2,8000
96416,2,5750
88461,2,4500
121352,2,4250
103596,2,4890
102571,2,1000
111180,1,250
57351,2,11999
65486,1,350
132456,2,12000
103720,2,5400
136132,2,1999
11191,2,750
33077,2,3000
114225,2,950
78828,2,2500
66293,2,8500
95597,1,300
127646,1,450
47812,2,1999
64143,2,9750
112146,1,600
76419,1,200
53974,2,1180
134585,1,225
23124,2,2900
29540,3,33999
109284,1,600
71111,2,3600
57846,2,1600
28970,1,599
72127,2,4200
14884,2,13900
134175,2,1299
119722,2,2800
54738,2,1499
42479,2,6750
50978,2,11999
59278,2,21000
23339,2,3200
104636,2,3800
26318,2,6000
93430,2,5900
147540,2,6900
35295,2,1249
138137,2,2999
149019,1,250
11509,1,400
71981,2,5700
30984,1,550
40491,1,599
90504,2,10800
14891,2,11500
13659,2,2299
137420,2,12500
148811,2,20900
33725,2,3990
29892,2,8280
4003,1,699
1238,2,899
67792,2,7200
107085,2,9999
143238,2,8250
21294,2,3700
24684,2,11000
49994,2,15000
60821,2,11300
80779,2,2555
74902,2,1200
126200,2,9320
136313,2,1500
87703,1,700
90463,2,950
83109,2,3800
1839,2,2850
102679,1,790
117149,2,12990
30343,2,2450
15280,2,8995
26843,2,15050
79455,2,1350
51597,3,20000
143801,2,11199
111904,2,13900
93808,1,500
23990,2,870
53234,2,1980
61843,2,4200
131410,1,300
82508,2,5500
14663,2,1400
108765,2,15550
66688,2,1300
50594,2,1150
83851,1,850
143087,2,10500
93172,2,1790
22499,2,2400
142515,2,1550
126869,2,900
126896,2,3900
49655,2,700
87041,2,4300
7335,2,1111
149982,2,2000
78291,2,6800
23985,2,11790
40146,1,950
114127,2,7499
114712,2,2850
1590,2,3590
64085,2,2800
92476,2,3550
56325,1,650
78407,1,50
121484,2,1290
30996,2,1300
123224,2,1500
83629,2,1400
56707,2,7500
96591,1,300
37658,2,1450
144964,2,3000
137833,2,3500
21659,2,1799
7690,2,1350
57578,2,650
100451,2,13500
145747,1,250
66890,2,8400
110079,1,600
92431,3,24000
140800,2,9200
20266,2,1499
24978,2,14999
69693,2,1200
128829,2,8350
73934,2,2200
114865,2,1500
116871,2,9800
16486,2,5450
18869,2,6500
1678,2,4490
46798,2,14000
77648,2,3700
134708,2,1560
100830,3,54990
17473,1,550
6311,2,7450
78077,2,5800
80079,2,1650
146197,1,300
72065,2,950
9758,2,17500
9452,2,3500
132651,2,4900
135536,3,27500
63254,2,3400
83606,2,4799
132815,2,3850
24424,2,3599
45780,2,6299
128163,2,3950
90865,2,7600
61074,2,1999
16078,2,5100
149989,2,1150
36861,2,1300
24600,2,2750
52853,2,7000
87002,1,950
397,2,2990
141874,2,4950
105352,2,1899
126443,1,600
54756,2,11200
63795,2,2300
117490,2,1900
9999,2,4999
144929,1,79
33237,2,999
52382,2,8000
109431,2,1300
57757,3,28500
97964,1,600
148903,2,1900
103425,2,3250
86485,2,1600
7430,2,1150
107092,2,4399
72461,2,4700
54394,2,3000
39786,1,700
442,2,5850
63090,2,1600
126862,1,450
76721,2,6500
75535,1,500
72985,2,3300
134634,2,13500
104976,2,1399
115961,2,3700
73924,2,11000
21400,2,999
30051,2,8650
12206,2,11000
94176,1,450
103569,2,1650
72671,2,7900
14879,2,2350
108984,2,799
21747,2,1849
58005,2,6800
131521,2,8550
42667,2,2500
29866,2,1500
95357,2,3999
37225,3,29999
49143,2,4350
98365,2,4490
138378,2,2899
103539,2,5650
77105,1,350
117703,2,5000
104964,2,13950
3745,1,360
145293,1,790
107935,2,5750
49472,2,5000
146207,2,8999
20722,3,13800
86996,2,4450
85837,1,200
64635,2,888
56556,2,1890
14860,2,1500
111922,2,2799
79050,2,2149
26670,2,7950
67458,2,2250
83559,2,2000
118129,2,13199
8893,2,1800
38732,2,1099
22503,2,3200
7492,3,22500
56840,2,11990
130464,1,350
69636,2,1950
112550,2,3350
4760,2,1900
59107,1,825
35114,1,650
8497,2,13550
7960,2,3950
104368,2,4500
119582,3,37777
39345,2,7250
139201,2,11999
143077,1,250
108816,2,4980
146605,2,1149
5296,2,1790
94456,2,8300
34942,2,3599
137645,2,2550
25787,2,1790
137068,2,10900
99556,2,6800
147613,2,4500
120095,2,2100
112048,2,10000
22936,2,1200
113264,1,75
47580,2,5750
28216,2,3500
25952,3,19999
30429,2,7500
142235,3,45949
77931,2,1600
75819,2,12499
112625,2,7500
46818,2,2200
124751,2,999
78242,2,4850
131465,2,3900
58812,1,400
26862,2,14900
134827,2,1690
86330,2,2999
62583,2,600
97697,2,1950
114098,2,7450
336,2,1350
13247,2,1000
147661,2,1000
85756,2,10500
43252,2,2350
145125,2,4850
68488,1,550
136675,2,1777
123701,2,800
136020,2,2900
143052,1,500
101689,2,5950
112915,2,10000
25203,2,1570
66580,2,12400
28461,2,3900
24385,2,1450
116413,2,15990
108065,2,4250
42771,2,2499
96565,2,6599
3606,2,8999
141532,2,10500
35885,2,1750
35524,3,14350
38850,2,5800
37475,2,12599
121049,2,16599
81932,1,800
116913,2,1300
137195,2,1400
92963,2,800
16600,2,11500
9236,3,25900
26964,2,19500
34734,2,2300
99281,2,2550
19393,2,9000
95692,2,2200
74136,2,3888
127979,2,5000
92526,2,2500
147233,2,2999
19916,2,20000
25006,2,1650
994,2,5200
75359,2,4500
37741,2,10499
95477,2,5000
93604,2,2799
13565,2,1200
58740,1,999
106734,1,800
135991,2,3499
106813,2,6400
108842,2,4300
106295,3,16999
73948,2,1600
38823,2,500
90624,2,4200
91838,2,6300
30841,2,20500
118569,2,1700
134569,3,21500
106762,1,950
41219,2,13300
456,2,5950
2085,1,800
106014,2,18500
101488,2,10500
34832,1,1290
133434,1,500
134102,2,1400
46902,2,5000
51120,2,1300
39264,2,7300
22718,2,1199
26402,2,3800
99835,2,14999
106649,2,1500
15917,2,950
104104,2,2550
107221,1,450
12085,1,450
131149,1,790
104865,3,19850
56983,2,1599
68558,2,7999
63927,2,1600
71032,2,2250
104853,1,799
124280,2,5200
37403,1,300
102581,2,1500
62995,2,1750
34165,1,590
2788,1,499
57309,2,1300
87139,2,3850
86016,1,649
129157,2,12500
63054,2,2900
70371,2,2000
124223,1,500
73602,2,1750
40424,2,5199
8644,2,17900
25813,2,10999
126558,1,300
63464,2,2900
85056,2,8999
20608,2,5150
122378,2,2600
70728,1,500
18053,2,800
127445,2,3999
25178,2,15000
136693,2,7249
85162,2,1200
143568,2,15900
101020,3,29900
86495,1,400
119805,1,200
65163,2,2490
147804,2,888
81661,1,450
121720,2,4900
5012,2,1250
88685,2,3900
24416,2,12800
63042,2,8450
67554,1,500
80701,2,6200
73273,2,24900
59411,2,11500
90541,2,2500
55708,1,500
127730,2,950
79858,1,850
91767,2,9990
117278,2,3850
65555,2,5900
23945,2,1800
89270,2,1900
22259,1,90
125797,2,3900
34120,2,700
68009,2,2900
83190,2,1099
130932,2,1799
91125,2,5200
147572,2,3750
60891,2,12000
6012,1,500
141870,2,6500
10848,2,2950
51732,2,2250
79644,2,3600
43847,2,1600
46018,2,750
20490,2,5995
26491,1,489
2831,3,25900
2721,2,14800
105260,1,600
124109,1,250
30248,2,2400
13824,2,3000
53003,1,70
1829,1,799
131484,2,9750
62347,2,17300
40115,2,999
137523,2,5199
144097,2,3500
112420,2,2690
91778,2,7950
18944,2,7499
140680,2,2999
127973,2,2700
4940,2,9200
124469,2,5200
79464,1,99
50832,2,3499
44259,2,3650
109993,2,11500
29645,2,1000
121435,2,1550
112029,2,995
23924,2,14700
118720,2,4450
101876,2,14650
15935,3,29500
86933,2,6900
108431,1,300
146706,2,13600
28704,2,14499
115399,2,5500
124764,1,725
83314,2,11600
75140,2,5999
23286,2,850
557,2,5099
109685,3,41600
97996,2,22490
134578,2,20850
146819,3,13490
63109,2,4590
64643,2,5333
106868,1,500
89816,2,7390
108675,2,3980
4266,2,1100
39885,1,200
45457,2,7750
48853,2,7500
55885,2,2350
113567,2,1150
65561,2,3333
27527,1,700
34454,2,6990
138987,2,2850
45141,2,12200
70037,2,1850
78109,1,600
70015,1,499
37356,1,600
64106,2,6299
147479,2,7990
96553,2,1350
7646,1,600
99564,2,999
45418,1,150
82536,2,9499
36492,2,2350
111066,2,10999
91097,2,1099
3188,2,11900
119673,1,200
114994,2,12490
61895,2,5000
34950,2,1750
119065,2,1150
7305,1,699
91712,3,49000
11434,2,6950
80366,1,850
121287,2,950
65970,2,3000
17163,2,2500
58845,2,3700
132185,2,1600
99055,2,9950
125207,2,13490
76684,2,6940
31962,2,9450
80682,2,2200
42178,2,2000
118241,2,4500
64011,2,1400
5106,2,10500
64326,2,9990
101761,3,20500
84128,2,13500
137639,2,1600
86663,2,1500
146404,2,6800
111995,2,2950
24237,2,9850
61495,2,5500
143897,2,1699
126285,2,3950
61814,1,800
46350,2,5900
88767,2,8300
51810,2,1150
45387,2,2400
78662,1,750
110445,3,22950
62451,2,15900
118762,2,2500
138192,2,9500
122101,2,9190
53713,2,11800
124090,2,10900
34352,1,100
48123,2,3200
74733,2,550
50263,2,2500
43377,2,12900
17502,2,990
37794,2,9500
130530,1,800
12479,2,17900
20945,2,1999
17542,2,999
146129,2,7500
98936,2,989
129940,2,2750
26057,2,2299
35730,2,7599
103559,2,1550
67594,2,2800
78145,2,3799
133563,2,4500
39261,2,13000
2427,2,850
2895,2,3950
3448,2,2200
52971,1,799
130090,2,5500
9529,2,2200
93585,2,7590
69257,2,1500
30906,2,1100
49142,2,2950
96641,2,1300
60526,2,4900
140412,1,100
76574,2,10690
62208,2,690
131055,2,7600
41244,2,1300
99340,2,750
146786,2,3190
115572,2,1500
23804,1,999
96148,2,3950
110716,2,4300
1292,2,15950
98424,2,8000
138957,2,2250
90769,2,1399
147937,2,2300
76645,1,295
87581,2,1250
74314,2,3000
106472,2,900
143420,2,10999
13254,2,849
109723,2,1800
31595,1,200
111068,2,2900
138234,1,1000
107646,2,1050
105488,3,18900
79054,2,2550
61405,2,4999
5563,2,1200
63573,2,3500
19549,2,3600
54104,2,1499
99522,2,5900
117097,1,900
34357,2,13999
9623,1,410
19321,2,999
94106,2,1850
39509,2,5100
45239,2,4000
8857,3,29000
86572,3,18800
3082,1,175
32755,2,6000
51476,2,7450
52862,2,5000
38364,3,29700
96945,1,400
59065,2,2750
90344,2,1400
62366,1,199
59238,2,4000
36302,2,2700
26719,2,3200
114796,2,8888
56710,2,14900
87442,2,800
49118,2,3650
64203,2,4990
82483,2,2250
4755,2,4999
3171,2,1890
97935,2,9000
85583,2,8490
34312,2,4699
73106,3,23500
64673,2,4799
7615,2,1550
49986,2,13990
77666,2,3700
60474,1,325
51272,2,1500
8249,2,1200
229,2,3150
16956,2,599
102132,2,3200
21162,2,14700
32718,2,4500
68406,3,23500
32748,2,7750
21080,1,1250
77164,2,13500
62513,2,4350
121982,2,2450
144894,1,525
119186,2,8999
106586,2,8650
128969,2,3000
141089,1,400
84646,2,15000
101831,2,1250
76732,2,6199
148518,3,29999
18317,2,8200
2644,2,2200
9309,2,400
21930,2,699
94044,2,8900
128748,2,22900
149232,2,6290
89762,2,13500
141790,1,1400
11775,2,10800
79285,2,15000
42232,1,500
120555,3,20900
52208,2,1250
40771,2,6300
44556,2,1200
101678,2,5500
50092,2,1550
88701,2,3250
52968,2,5300
29872,2,1800
127907,2,1800
102050,2,8500
130205,1,700
46053,1,650
142151,2,1150
119781,2,800
91697,2,1900
91732,1,450
132874,2,1950
112742,2,6700
1935,2,3550
56437,2,1200
8825,2,999
16406,2,2500
51245,2,1500
145435,3,34850
109527,2,850
109378,2,6500
85689,2,2700
251,2,8500
52728,3,49000
40789,1,450
116872,3,23490
51726,2,2250
80467,2,1700
111799,2,9900
104057,2,7300
17867,2,9490
147956,2,1150
138151,2,4600
118398,2,2500
97886,2,3200
146394,2,1950
58608,2,8399
16542,2,3900
59322,2,19999
15172,2,990
122499,2,11000
118886,1,270
69322,2,3300
53640,2,2400
40340,1,400
51646,1,120
4889,2,3400
8025,2,2100
32128,2,3999
101402,2,900
111851,2,3200
80456,2,1700
125705,2,6350
23153,2,11500
13436,2,23500
145711,2,2500
38585,2,2800
126545,1,600
83065,2,3200
46500,1,500
123575,2,19999
29469,2,4390
50874,2,2900
131331,2,10500
82353,2,1499
40556,2,15850
63224,2,11999
128764,2,14950
63566,1,699
42979,2,890
24347,2,2850
31212,2,1300
63732,2,5900
40235,2,8499
129804,3,17500
120722,1,700
1107,2,1000
53487,2,3499
117861,2,770
17849,1,500
113144,2,2000
145358,2,1200
140738,2,7200
26076,2,3999
40700,1,450
130,2,5500
138922,2,10900
108978,2,1820
25185,2,2900
17747,2,2999
52162,3,22000
11296,1,650
92040,1,849
104934,2,4199
45528,2,1350
87580,2,1200
80328,2,1100
85182,2,11000
118372,2,2999
62753,2,2499
8709,2,16000
142933,2,4300
92052,2,2850
25591,2,899
90303,3,16600
106274,2,15990
24217,2,10650
112671,2,19200
117929,2,9800
94769,2,1250
57239,2,4200
127306,2,5500
21772,2,2350
67265,2,6500
47671,2,2200
127206,2,1999
144531,2,18790
70601,2,900
84071,2,8900
136482,2,3600
16788,2,1849
22705,2,1850
113747,2,26999
7879,2,1300
111840,2,1450
46571,2,4600
98903,1,150
83820,2,1750
145674,2,12399
89703,2,1800
53921,2,3900
36878,2,2490
45280,2,1080
131226,2,2000
120272,2,1499
46101,2,1900
21670,2,11490
55587,2,2999
16940,1,300
3381,2,5990
17774,3,18650
10169,1,500
143346,2,13000
103324,2,1000
53332,2,6980
120744,2,990
66060,2,2750
104329,2,2300
22413,2,6400
77350,2,3399
125063,1,120
75313,2,5590
68398,2,2000
56506,2,1000
80123,2,550
119996,1,650
54194,3,16200
66969,2,2990
94946,2,1200
29379,2,1000
138728,2,1000
41119,2,4800
52196,2,10999
34980,2,1500
92579,2,2300
107634,2,2000
124730,2,8490
106097,2,6500
125617,2,9000
95526,1,890
121850,1,949
26523,2,6900
44327,2,1399
91565,1,600
82131,2,9200
69635,2,10490
5704,2,11295
3669,2,12500
90952,2,2000
94897,3,20900
124164,2,13350
113774,1,500
26612,2,1499
5219,2,1150
71786,2,4500
91051,2,6500
97747,2,999
89379,2,6489
50408,2,5499
127624,2,8200
126087,2,3750
28648,2,4890
89439,2,3900
77539,2,1750
47148,2,4600
9218,2,4500
56817,2,7300
77955,2,10500
86611,2,900
19631,2,1600
127904,2,2499
135206,2,3300
4629,2,5600
135980,2,15500
32181,1,150
65342,2,2999
54693,1,499
85104,1,300
117962,2,1450
141664,2,3550
147531,3,28900
102302,2,2444
21182,2,10350
66508,2,100
103213,2,6250
12242,2,2500
123167,2,7599
134117,1,650
137698,2,950
61508,2,29499
98265,1,100
47282,3,19499
112970,2,650
61009,2,7900
33832,2,4000
25305,2,10000
71539,2,1250
101206,2,3500
5849,1,250
62132,2,2890
51638,2,14500
135924,2,7500
5408,2,400
69250,3,27900
149526,1,850
92835,3,19600
68727,2,1300
116730,2,3750
32092,2,3250
110097,2,3300
134212,2,3500
47480,2,1250
96949,2,2200
94708,2,6790
94110,2,1200
86416,2,5000
123422,2,1500
50218,2,12999
14559,2,8150
8746,2,3500
19835,2,6350
2838,2,10200
46946,3,38500
29066,2,1950
93466,2,1100
63412,2,5999
9611,3,20750
17646,1,900
108668,1,395
20659,2,2950
131650,2,4990
100515,2,19950
98475,1,550
146891,2,1490
114848,2,1000
62246,2,6500
62112,3,19500
73628,2,5999
116059,2,1300
135787,1,200
77603,2,1850
127101,1,800
32941,1,600
113719,1,399
4085,2,11499
139384,2,14500
81513,2,1999
129081,2,8500
114873,2,2100
75228,1,650
21212,2,3999
31050,2,4500
98698,2,3900
134043,2,1600
19262,2,3650
46779,1,699
70511,2,1450
85046,2,5190
43929,2,1300
7975,2,1999
129585,2,14986
67654,2,9990
86857,2,1999
80546,2,19399
47058,1,200
13654,2,13700
68981,2,9200
1466,2,1500
33676,2,2200
11171,2,1900
46296,2,970
114920,1,550
26546,2,4200
61772,2,9800
33270,3,18777
67780,2,2299
78816,2,2200
135382,2,1700
76902,2,999
55496,1,450
39689,2,8299
11582,1,600
78276,2,1000
34579,1,500
143964,2,1650
11146,2,5000
96035,1,350
1969,1,600
111202,2,2200
71006,2,5490
85918,1,880
69609,2,2699
55050,2,12100
22844,2,3100
75779,2,5850
47600,2,6890
60576,2,2999
79220,2,800
130444,2,3600
141717,1,260
141698,2,4499
72132,2,4400
54295,2,4750
123397,2,11200
130404,2,3890
9058,2,7500
91483,2,2800
148157,2,10900
113425,2,16000
123770,2,10998
2312,1,750
8862,3,29500
74558,2,14900
58561,3,20750
111553,1,689
145663,1,200
110510,2,3800
31839,2,2000
61021,2,11399
32316,2,2900
11334,2,8500
132602,2,2000
149947,1,150
18260,1,250
87723,2,4000
97817,1,180
40871,2,2850
56780,2,1950
73174,2,1399
127903,2,4000
145248,2,1999
79078,2,1690
74247,2,1900
102928,2,7990
42954,2,15200
69662,2,2999
145197,2,5750
5575,1,300
103971,2,2699
82929,2,1000
30340,2,4990
116987,2,3899
136106,2,1500
99698,3,23990
19304,2,2500
58199,2,11600
77722,2,4950
8882,2,7400
76903,2,14444
81282,2,3000
114460,2,890
24737,2,3900
147737,2,1500
136090,1,500
63847,1,650
43891,3,21499
137730,2,6750
46783,2,4600
85718,3,17490
105300,2,14300
131066,2,3800
63220,1,777
7176,2,1450
83345,2,1200
30354,2,1500
46895,2,3199
113817,2,7900
85438,2,3100
145423,2,2500
71202,2,1000
109929,2,1250
17935,2,9900
107742,2,2700
86382,2,1899
138531,2,7250
83473,2,6000
116769,2,7999
147557,1,200
41209,2,2399
43474,2,10800
129317,2,4050
73554,2,1650
80952,2,1350
26990,2,1350
121956,2,1399
99726,2,8500
87743,2,1050
56131,2,1390
132201,2,2850
19951,2,10900
48262,2,11400
84209,2,2245
128178,2,1250
82554,1,200
104744,2,1150
29766,2,1690
18994,1,200
48901,2,7590
110417,2,6000
95338,2,1299
42960,2,4000
146842,2,950
81839,2,9500
133131,2,4200
117384,2,2999
97431,1,500
33594,2,4900
129691,2,7200
14481,2,4850
822,2,1950
61828,2,1950
125871,2,2299
134122,2,5250
127871,2,3450
66681,2,1479
33496,2,850
32185,2,3480
62993,2,2900
18016,2,11999
101081,2,650
98341,2,2999
12108,2,1599
104246,1,250
42779,2,16900
29600,2,850
128708,3,18500
80973,2,4200
61378,2,25500
120295,2,3400
71656,2,1400
96120,2,1890
117905,2,12470
21115,3,56200
28381,2,4200
49396,2,6400
112421,2,15499
106030,2,1350
80863,2,1700
135089,1,1195
45659,2,15200
26426,2,6999
24102,3,21000
80632,2,9500
30794,2,1399
92131,3,28600
147020,2,4250
23943,2,3250
48876,2,850
18204,2,11600
77338,2,2125
16939,2,2999
120402,1,140
52458,2,9500
39781,2,2199
106890,3,26900
72281,2,12950
40098,2,11111
114620,1,50
59431,2,850
38716,2,4600
144570,2,1150
97229,2,2899
112150,2,7995
45498,2,10400
8201,1,400
149264,3,27000
109342,2,2990
35868,2,1450
125492,2,1599
108351,1,700
125616,2,6799
56217,2,4400
24681,2,7750
10396,2,5300
63923,1,599
114921,2,7500
13209,2,4500
132465,2,1450
92673,2,3850
48250,2,2800
57448,1,300
131200,1,850
15606,1,499
140433,2,1900
68214,1,399
83296,2,800
5268,2,1000
134753,2,8990
30130,2,2500
32438,2,3700
27234,1,300
111236,2,6200
124350,2,2300
93233,2,4800
149235,2,1500
4915,2,2450
105753,2,1400
142689,2,15900
110080,2,7950
65879,2,5000
32736,1,600
91753,2,3000
6875,2,3700
6230,2,1999
67159,2,400
18547,2,9299
76766,2,3100
74712,2,5300
129471,2,6890
45366,2,10750
127684,2,8200
76342,2,4350
49560,2,3750
101671,2,13950
1467,2,1500
36037,2,15999
61533,2,20000
117045,2,1600
44658,2,2950
55353,1,850
70917,2,2000
137830,2,9500
54121,2,5500
141170,1,750
2402,2,1100
35744,2,6450
61029,2,25990
115196,2,3950
114791,2,2499
87467,2,11299
4439,2,799
56350,1,450
60893,2,2299
63274,2,9999
1423,2,800
112454,2,13200
93197,2,3800
113281,3,23999
15535,2,1350
103096,2,6543
114597,2,5300
81577,2,3000
37883,2,13499
126315,2,20500
147822,1,800
147049,2,2450
10199,2,2800
22383,2,950
85412,2,12000
14867,2,6400
21968,2,1350
68237,2,1590
15773,2,5250
119205,2,2099
127859,2,4200
121076,2,6999
101287,2,6490
90575,2,4500
119224,2,1700
60104,2,2300
44551,2,3500
12786,1,850
83770,2,1000
7143,2,16300
6549,2,4300
2353,2,2699
30122,2,2700
84027,2,1590
64624,2,3500
26466,1,450
96888,1,350
91281,2,3500
19695,1,700
112027,1,600
140304,2,10500
103581,1,199
116271,2,15990
20859,2,12299
21491,2,18000
19552,2,7300
23004,2,11989
74599,3,36800
74164,2,2350
50274,2,6499
99550,2,4450
103218,2,3600
32706,2,9750
17676,1,490
126179,2,1350
106327,2,1900
1901,2,3000
80933,3,17850
124985,2,15500
126514,2,8999
107903,2,7500
127886,2,1800
148482,2,4800
52597,2,16500
100340,2,3450
52819,1,1250
17802,2,2350
13708,2,7999
103682,2,1100
75160,2,1850
21878,2,8990
77698,2,2950
18800,1,850
54748,2,1800
15923,1,50
70685,1,500
64070,2,900
143614,2,14000
124671,1,750
5152,2,1500
104105,2,6990
137049,2,9800
4672,2,6200
46812,2,2500
9800,2,1600
103889,2,12800
8574,2,7000
21478,2,1800
16089,2,14400
75666,2,2000
102690,2,11500
126244,2,6800
104861,2,1500
15007,2,1900
46369,2,10950
148182,1,600
116552,2,3000
102628,2,12500
73666,3,27800
108531,2,3500
93615,2,1150
109673,3,26500
96635,2,950
22672,3,19490
9763,2,6300
100104,2,23000
8148,2,1499
8981,2,1550
125729,2,1099
94626,2,990
67918,2,1450
23213,2,2000
81559,2,6450
32696,2,6900
83082,2,1750
116532,1,220
52051,2,2790
2660,2,500
146078,1,250
80515,1,550
96594,2,13950
121466,2,1799
16634,2,5600
1334,2,13550
122965,2,2890
114536,3,49911
92347,2,2555
109120,2,4200
34494,2,2650
65474,2,4000
85418,2,1300
61105,2,6300
90625,1,150
114272,2,8000
9679,2,1700
101426,2,2490
110262,2,2210
68259,1,699
119016,2,2700
68424,2,850
131704,2,1200
34739,2,4500
127588,2,2300
78285,2,7800
121212,2,1250
58520,2,1099
116259,2,11500
141526,2,2450
14001,2,1550
84595,2,8950
142575,2,950
107531,2,2750
29284,2,2799
9921,2,6000
128234,2,4199
110679,2,4400
904,2,4200
118792,2,16500
81680,2,1099
97201,2,9999
98540,2,1999
4,2,5200
50658,2,21900
57158,2,1350
108156,1,399
102283,2,8690
122876,1,300
142964,2,17490
23896,2,4100
6240,2,7500
100086,2,950
27010,2,6990
30424,2,2250
47219,2,1444
95155,1,200
28297,2,3299
83536,2,4500
21418,2,9995
93978,1,449
63554,1,590
45276,1,550
47932,2,12500
116303,2,6900
104916,1,700
43774,2,2900
115105,1,2500
110325,2,11250
890,2,6900
133510,2,2550
42438,1,249
77179,2,1700
78821,2,4900
402,2,14500
104792,2,15500
124990,2,600
53962,2,1250
70617,1,120
63313,2,2099
55152,1,65
143975,2,659
82678,2,850
87933,2,4300
130587,2,1890
94574,2,1800
50844,3,32999
23191,2,9000
84323,2,17000
146769,2,14999
97302,2,7499
104831,2,18790
80415,2,3600
115746,2,3250
48930,2,1400
137522,2,7000
125770,3,22490
20636,2,2600
78005,2,1800
27385,2,2199
142031,2,2000
89449,1,250
140895,2,4700
95290,2,2000
136049,2,1890
47035,2,5750
22632,1,200
133332,2,3000
111833,1,700
25552,2,11450
114928,2,6700
33855,2,6800
94844,1,500
70457,1,200
68781,2,1300
120866,2,14800
22589,2,3400
69421,1,599
141682,2,5000
59717,2,8200
84375,1,450
63216,2,21000
16733,2,8300
149846,3,32500
13125,2,2199
54265,2,2150
7299,2,3300
96639,2,650
48845,2,18250
107909,3,21778
118193,2,1849
3567,1,220
104245,2,5695
103365,2,1299
89635,2,3500
43256,2,2999
41693,2,1990
141876,2,2150
135770,2,6550
115675,1,550
82394,2,1500
124987,2,4100
24052,2,7499
95999,2,500
51540,2,3499
34568,3,20800
34705,2,5200
116926,3,21000
50131,1,250
4306,2,7200
64080,2,1500
137609,2,750
121819,2,1450
126149,1,300
128220,2,1250
131236,2,7500
64245,2,22300
1808,2,1750
84678,1,700
77915,2,850
52270,2,1250
101247,3,23400
17927,2,600
10327,2,5950
2317,2,700
142908,2,6000
93686,2,1995
37075,2,27500
86582,3,33490
45314,2,2500
11528,2,4150
142007,2,1800
90576,2,8700
49868,2,2950
47793,2,7250
34419,2,8500
110501,1,800
47183,2,8450
83940,1,600
56161,2,2500
15498,2,3800
87067,2,7890
144966,2,7950
76433,2,999
114246,2,4900
118508,2,1100
62852,2,7400
15605,2,3990
39799,2,7200
11818,2,4900
63535,2,2950
96042,3,18900
35444,1,600
11958,2,700
27666,2,6200
145123,2,1250
83798,2,3700
31708,2,14800
132936,3,13650
111432,2,9999
29225,2,1250
74722,2,3500
29900,2,5200
83278,2,900
145476,2,950
3780,2,2500
36314,2,7800
5840,2,4999
105673,2,700
119274,2,1250
41903,2,10000
146657,2,3600
21110,2,4250
80775,2,10000
35755,2,3950
55089,2,9300
21374,2,3000
110809,1,250
30316,2,14500
36776,2,3900
8646,2,14550
31967,2,5555
70764,2,800
36475,2,4100
23170,2,3500
25918,2,14990
35414,2,13900
100223,2,14750
70257,2,1590
29332,2,1299
35142,2,10800
14811,2,990
24904,3,26500
55232,2,3000
136580,2,8099
130261,2,699
28846,2,4999
112777,2,11500
131211,2,3250
144359,2,1499
132677,2,4300
84054,2,3800
123155,2,7999
77272,1,100
9060,2,1159
180,2,10999
44106,2,11499
84223,1,300
135827,2,3300
20801,2,7700
21232,3,37900
147752,2,1000
76166,2,13950
98849,2,1499
36765,2,4100
4135,2,2890
39557,2,14500
54196,2,2650
99839,1,300
120171,2,1400
96966,1,649
38766,2,1800
70425,2,5990
137280,2,1999
79639,2,3550
137402,2,1300
130494,2,846
74938,2,8450
45417,2,1190
89827,2,3000
116536,1,800
46000,1,75
76918,2,2100
101427,3,23499
20989,2,1100
42575,2,1200
115488,2,8300
25243,2,6180
56568,2,3949
93916,1,350
17588,2,9390
46883,2,14500
119189,2,10000
31936,2,999
41361,3,15900
86911,2,5900
64735,2,12200
42452,2,2899
33494,2,2890
113306,2,2400
58295,1,650
45176,2,9200
28186,2,3000
97249,2,19000
112855,2,3580
118086,2,799
33483,2,1500
73479,2,5990
1778,1,750
149136,2,950
15073,2,1500
51074,2,799
14081,3,23900
76740,2,1250
4119,2,2999
56702,1,799
90824,1,60
37239,3,29800
78531,2,1400
106173,2,15750
49544,2,5200
124838,2,4900
142193,2,4700
55235,2,22500
81987,2,5499
1059,2,9750
22345,2,1700
90967,2,5300
23992,1,550
20555,1,800
142817,2,1299
79480,2,2200
104497,2,16500
95929,2,1450
61882,2,4500
29574,1,600
3184,2,2200
107110,2,3900
57905,2,9490
57942,2,8000
122174,2,950
118240,2,1500
130886,2,4370
138060,2,8400
73981,2,2300
80025,2,2800
83757,1,390
36195,2,7990
58122,2,14950
66277,2,6500
70481,2,2550
13221,2,1700
21973,2,6900
62440,2,12999
73563,2,19500
25840,2,7400
46742,2,2300
9783,2,5699
21785,2,5998
90660,2,2800
62564,2,1800
63205,2,7249
29282,2,5900
43596,2,3550
105143,1,1299
42245,1,650
98657,2,3500
77768,2,750
110563,2,1650
121157,2,2800
60230,2,9199
58286,3,19999
11625,3,24400
99064,2,26800
28402,2,13000
42138,2,12999
148292,2,1300
81048,2,4100
81323,2,9990
87630,2,5999
13577,2,14000
12267,2,2800
39277,1,500
91421,2,3495
31777,2,2000
44436,2,1600
134733,3,24850
114774,2,2400
81601,1,400
50534,1,850
55804,2,6850
113966,2,4600
20341,2,4750
84576,2,14450
123025,2,1000
41385,2,1850
107889,1,222
33737,2,6000
102300,3,46900
91457,2,9999
11661,2,2690
8199,2,1250
93123,2,7999
43411,2,3150
69448,2,8799
62792,1,700
78226,2,2850
104788,2,9900
62899,2,6400
142493,2,1000
4937,2,1350
11246,3,26500
25913,1,850
129994,2,6500
124447,2,1350
47253,2,6999
37325,2,12000
135028,1,280
21121,2,3200
113688,2,17100
35769,1,200
71468,2,3150
40175,3,30000
115123,1,800
14452,2,8500
134458,2,2250
149653,2,1200
11239,2,6950
98359,2,2300
718,2,7800
93788,2,850
61203,2,9550
27186,3,42900
107832,2,1300
17493,2,18950
72724,2,5900
72155,2,3999
111624,2,2200
67990,2,1000
94717,2,7000
146161,2,4500
92987,2,12950
36918,2,3399
25804,2,4900
116097,2,950
79089,2,1049
51041,2,3300
124814,2,5500
133243,2,3700
113339,2,8900
139654,2,6150
86429,2,8700
96437,2,1499
114088,2,3280
37287,2,3850
136448,2,1900
126254,2,1600
93846,2,1750
15963,2,6400
125470,2,7000
23188,2,6399
148387,3,27800
53917,2,1500
34642,2,4500
75065,2,2790
15718,2,5999
102834,2,5290
93444,1,650
105448,2,6600
120358,2,4444
41854,1,750
131788,2,1450
57958,2,2600
93229,2,14499
145926,2,6490
1599,1,699
149821,2,1000
56493,2,16900
147628,2,8850
21980,2,1599
7423,2,3800
1781,2,1000
105220,2,18000
66640,2,5400
52624,2,1400
61787,2,2600
81101,2,1600
75270,2,2200
60468,2,12500
112238,1,450
32876,2,10900
125391,2,16900
59229,2,4149
11605,1,700
109536,2,2500
124761,2,3199
106994,2,1800
125480,2,3200
4827,2,1999
12812,2,1599
92179,2,3699
55783,2,2800
4156,2,9999
77128,2,2100
68258,2,6800
110254,2,2400
54303,2,2300
78277,2,899
48840,2,12500
22275,2,650
8810,2,2200
66495,2,3300
60877,2,1850
23687,2,10950
140612,2,1400
49565,2,1299
89535,2,1099
145232,1,750
20337,2,7650
92605,2,1250
15075,2,2999
38510,2,1400
19568,2,950
20396,2,1000
133028,2,17000
105289,2,1200
91140,2,4600
51572,3,16000
15042,2,1000
57359,2,8500
142741,2,4950
139497,2,12299
132763,2,1700
113467,2,7999
2148,2,11950
16050,2,5750
140044,2,13000
126363,2,3500
51581,1,250
12733,2,2200
84714,2,2049
90860,2,12995
109505,2,1600
128166,2,16900
112881,2,6950
56878,2,1850
97985,2,3000
144523,2,6200
73836,2,7900
143997,1,300
76400,2,2200
142628,1,490
78889,2,2700
117345,2,2990
94964,2,4200
39463,1,650
130046,2,6500
59607,2,2750
133714,2,3250
41881,2,1900
134033,2,950
33677,2,2000
127562,3,17500
13769,2,5500
147340,2,1350
81852,1,649
20737,2,4650
86254,1,500
78336,2,11500
21514,3,37900
51674,2,1100
53825,2,1400
138766,2,2100
60885,2,2800
22478,2,3800
12037,1,600
116576,2,1300
1355,2,3500
93334,2,11900
2615,2,1950
136284,3,49999
27008,1,950
82224,1,600
69028,2,1750
143113,1,1000
35214,2,2299
82113,2,3500
71658,2,9500
9891,2,15999
129476,2,1499
130239,2,1599
137200,2,7490
16973,2,9999
19475,2,5400
30564,2,1200
79279,3,23123
62250,1,50
146059,2,7900
7491,2,11900
96080,2,2600
120541,2,3499
77525,2,4500
132182,2,2500
10105,2,14950
56039,2,9450
80173,2,5299
47330,2,1480
144638,2,2200
84145,1,650
28487,3,16999
144264,2,1950
107024,2,500
39249,2,13500
134712,2,4450
73316,1,600
112676,2,4900
15743,2,8000
79332,2,5750
62336,2,1950
3493,1,299
85211,1,490
21783,1,500
120185,1,200
148368,1,650
5022,2,1700
103265,2,2990
24471,2,5200
114201,3,27950
138760,2,11999
2673,2,2850
79591,2,8300
82291,2,1500
68038,2,3990
64553,3,38900
69768,1,450
82149,2,3333
121671,2,999
47234,2,19990
102188,1,200
125388,2,1500
20003,2,4395
110018,2,2199
58508,2,1250
16659,1,350
141690,2,5500
8484,2,5750
47443,2,2800
130547,1,80
30287,2,1199
96221,2,4750
21300,2,4450
59664,2,4490
21201,2,8990
7532,2,5850
61683,2,1897
144504,2,890
35692,1,650
121417,1,500
36091,2,3298
78377,2,1250
17721,2,8700
28533,2,10300
110722,1,700
20260,2,2549
60421,2,1199
64695,2,8650
50146,2,3000
35198,1,499
84574,2,2190
116961,2,8400
81357,2,1550
691,2,6000
33166,2,900
47570,1,350
32,2,850
82517,2,9300
123632,2,14900
5203,3,43500
11433,2,1700
46175,2,1150
40137,2,1600
107552,2,12500
147188,2,11490
81403,2,900
117903,1,699
119637,2,2600
10523,2,6900
6531,2,1400
8728,2,18500
142339,2,8300
36187,2,350
104623,1,300
25005,2,3700
67427,2,1299
126942,1,800
66556,2,1190
54725,2,1280
140061,2,2300
145651,2,2850
76175,2,15650
34420,2,9900
16216,2,3000
36111,1,199
41822,2,1600
77954,2,10999
96460,2,1499
79363,2,7450
56642,2,3600
149026,2,10950
74664,2,899
129816,2,1750
9001,2,1800
112336,2,1650
118821,2,5600
26827,1,900
2010,2,2099
12528,2,1090
108080,2,5100
142930,1,250
59013,2,7100
50723,2,1590
146792,2,10860
72333,2,6450
64224,2,6900
107107,2,900
124670,3,24500
100088,3,17990
129086,2,4400
84078,2,12900
137616,2,901
32789,1,500
94333,2,8990
98372,2,1200
17921,2,9500
43892,2,1900
57151,2,1390
140742,2,1350
53673,2,4500
111127,2,4000
33849,2,3100
136214,2,5980
4723,2,1890
68923,1,350
15951,2,1400
7336,2,1150
85084,2,5000
148010,1,850
9768,2,10999
62586,2,13999
32608,2,3250
89850,1,600
15432,2,1200
122331,2,2450
3925,2,2200
103192,2,8790
136789,2,2200
99503,3,22500
42755,1,700
125204,2,2900
44778,2,2999
31760,2,1500
407,1,1100
33057,2,6149
69788,2,4000
77640,2,1150
110880,2,2100
12655,1,600
79011,2,550
83170,2,1350
6035,2,1900
90207,3,17990
48069,2,5900
87901,2,8200
105394,2,7499
40529,2,10900
102498,2,3750
123160,2,2999
131232,1,400
40687,2,18500
98807,2,11000
65158,2,1900
8247,2,4900
37160,2,5200
40486,1,250
52755,2,500
23889,2,1499
32113,2,4500
23516,2,2300
133192,2,8999
34435,2,1450
86523,2,2550
93911,2,899
82548,2,3850
117744,2,2400
25724,2,1900
84188,2,1999
102842,2,5400
6429,2,4499
49389,3,40999
9517,2,6900
109212,2,2300
136289,2,1999
138703,2,8450
146768,2,6200
122426,2,2499
40132,1,700
117901,1,400
49414,2,3850
85005,2,1700
145390,2,2650
56966,1,1000
21233,2,999
124585,2,5900
121110,2,15000
48451,1,150
89894,2,9690
101907,3,75900
30699,2,7777
93038,1,100
100905,2,5500
61082,2,9250
84235,3,28500
130722,2,8450
78419,2,2999
105891,3,48997
13780,2,750
118599,2,12877
44262,2,12000
111217,1,550
121294,2,500
130705,1,400
112997,2,3000
131177,2,8650
55522,2,8950
62018,2,6299
148156,2,2950
49653,2,2290
87934,2,5990
82240,3,29350
115184,1,820
52046,2,8550
75300,2,7500
13503,2,11700
9849,2,11500
108528,3,21490
100963,2,3500
70598,2,6499
123937,2,3700
6215,1,950
44802,2,3250
98145,2,8900
46059,3,23000
61354,2,1150
137030,2,3200
126600,2,800
145929,1,600
61520,1,399
78119,2,4850
119993,2,1749
88127,2,2500
16348,2,1200
31627,2,1750
146484,1,550
39565,2,7950
121373,2,1100
24811,2,1990
66512,2,2890
13129,2,3300
117584,1,500
108150,2,2500
102121,2,1850
64461,2,6000
16893,2,6500
112178,2,4700
66390,3,30650
125843,2,2828
66762,2,3750
51779,2,1599
6808,2,2499
77440,2,3500
63157,1,1290
2264,1,450
134880,2,2490
9260,3,19999
46435,2,7990
66984,2,3900
9560,2,300
13826,2,15350
121325,2,4600
115708,2,1950
75500,2,1750
65383,2,3200
2596,2,3990
9773,2,999
83575,3,28900
49120,3,36900
140493,2,7700
38655,2,2750
59839,2,3899
118807,1,200
139293,2,2750
79885,2,1900
5938,1,200
20071,1,1250
63209,2,7990
29479,1,400
92163,2,1350
110949,1,200
99808,2,2100
89677,2,2600
102475,2,2500
76724,2,1350
140596,2,1350
74466,2,13900
63564,2,999
141670,2,12000
90904,2,8300
122604,2,3599
28194,2,7500
65279,2,9950
127940,2,3450
20705,2,1800
5597,2,15250
92751,2,9999
4111,3,23900
18817,1,600
35060,2,720
44457,2,8900
112743,2,7300
63319,2,3100
120331,3,19000
129641,2,21500
135719,2,7800
13740,2,8800
147292,2,23250
124915,2,2299
91579,1,300
19700,2,6950
86366,2,10750
125849,2,12000
71506,2,14000
69064,2,11900
72108,2,12900
50577,1,750
121953,2,11500
13000,2,3200
125615,2,1190
68914,2,4000
58996,2,750
15199,2,19000
35457,2,2500
16839,1,500
79070,1,300
30305,2,1850
65225,2,1690
41238,2,4800
149692,1,790
64432,2,5999
5360,2,9999
13482,2,1200
40916,2,16490
35925,2,4400
126059,2,20900
127841,2,750
85634,2,2800
17429,1,400
149802,2,2250
121757,2,7000
77189,2,1999
111807,2,5950
121474,2,9599
26906,2,5400
23295,1,1000
146850,2,1300
98487,2,490
49639,2,2350
116198,2,3790
118750,1,350
83047,2,1850
39503,2,1300
4890,1,200
131068,1,240
16146,2,4200
4592,2,8000
113158,2,12499
137411,2,6700
28302,2,16500
53337,2,13900
3997,2,1899
62293,2,4880
51598,2,1200
40130,3,23300
5958,3,23800
67270,2,8800
1841,2,12500
68217,2,4200
121872,2,3250
46090,2,18500
113820,2,5300
51488,2,5550
82897,1,100
46562,2,1000
23156,3,25900
99286,2,3450
10725,2,26900
133783,2,950
117253,2,3980
130000,2,1999
97728,1,500
141743,2,3100
69964,2,10950
122801,2,17990
145225,2,3400
80182,2,6330
101591,2,10000
28598,2,1299
112521,2,2450
11370,2,6100
144285,2,1690
58059,1,1190
120427,2,950
142865,2,3000
126502,2,5299
121188,2,1490
79530,2,9999
27378,2,6590
83406,2,1290
65956,3,24000
67293,2,27000
120424,2,1800
43876,1,190
7719,2,3500
64704,2,7999
118589,2,1000
140822,2,950
36447,2,6500
42080,2,2900
127480,1,650
122942,2,3200
78874,2,2200
67223,2,5500
4093,3,24950
77498,1,700
131142,2,1800
72805,1,650
80466,2,21000
103085,2,6900
63724,2,5900
12593,1,250
37023,2,1200
73286,2,9590
127175,2,3500
36639,1,399
133251,3,33200
73092,2,4100
116313,2,9950
91103,1,550
110969,2,1099
85723,2,4500
61241,1,700
15106,2,900
62000,2,11250
53192,2,4999
97448,2,1650
128832,2,2600
105972,1,400
38866,2,5150
58067,2,4200
3861,2,6900
18982,1,300
378,2,1000
38160,2,5500
45975,2,16500
125794,2,2650
31991,2,4350
70254,2,1800
110364,2,1000
21649,3,17000
69930,2,6000
139895,1,1400
103747,3,12900
1532,2,2200
81953,3,22800
66884,1,500
58665,2,6850
120382,1,150
42815,2,1600
124664,1,450
118445,2,9400
33835,2,8199
124260,2,2300
61075,2,1500
11062,2,3700
19061,3,40400
148294,2,3299
126586,2,3900
16052,2,1500
133190,2,5500
97242,2,800
8493,2,2400
123136,2,3000
49853,2,1200
25402,1,400
32732,2,1300
131470,2,1250
132097,2,3600
41858,2,13999
119956,2,4100
23898,2,1300
68576,2,3300
139677,2,15999
88285,2,10500
36100,2,2400
50200,2,11750
56381,2,2250
119709,2,1200
39559,1,150
78177,1,280
69902,2,7799
3440,2,1500
15790,3,62911
105899,2,8900
104280,2,6999
2413,2,5450
86967,2,1500
118628,2,3300
2894,1,399
72181,2,11899
111047,2,8500
141533,2,6250
81746,2,2199
110545,2,700
2399,2,1440
136964,2,2700
6498,2,14499
19809,2,2799
83923,2,4850
130819,2,7900
122190,2,16500
14009,2,6900
36927,2,7500
72506,1,450
40418,2,1299
149310,2,7600
148281,2,2999
10399,1,80
8278,1,750
68177,1,300
126585,2,950
92400,2,21000
135085,1,500
106945,2,1800
10442,2,6500
80344,2,4700
51880,2,1300
29762,2,900
11662,2,6390
55840,2,5620
83231,2,5300
95206,2,1200
59630,3,24800
125669,2,11999
60696,2,5800
145845,2,2200
81199,2,4600
134541,2,8500
56259,2,3800
29992,3,21900
149368,2,9990
46962,2,3950
14577,2,1200
99975,2,9300
146762,2,8290
69495,2,9750
90916,2,7550
132484,2,550
36423,2,9999
94029,1,400
115564,2,11300
122691,2,10500
113602,2,11500
15504,2,800
60952,2,12790
66050,2,2600
23453,2,4000
32454,2,900
98905,2,13990
118368,2,2200
104995,2,4900
10397,2,3000
126788,2,1050
40782,3,35999
11599,2,1500
28562,2,4690
33202,2,11700
5839,2,2800
95342,2,500
124946,2,1500
10540,2,2400
87737,2,5399
144672,2,10900
11915,2,2700
130284,2,1599
45545,2,2990
133879,2,4700
139024,2,3250
139005,2,6500
43877,1,350
22339,2,8300
58377,1,1400
17018,1,350
41007,2,2000
37291,2,2299
24261,1,199
68053,2,3000
122086,2,2500
67228,2,3690
130203,2,999
3226,3,18900
69649,1,350
140070,2,7800
149545,2,8500
107509,1,500
44703,2,4400
110116,2,6500
93710,2,5700
34124,1,100
7891,2,1000
99787,2,800
49552,2,2699
75562,1,300
113973,2,5900
89732,1,950
16070,1,100
133298,2,1990
131271,2,2699
119049,2,980
56419,2,990
103424,2,9400
111115,2,17900
110520,2,1250
62270,2,1949
101154,2,7400
94298,2,3450
113289,2,10999
10798,2,4950
30805,2,1200
35381,2,4950
69042,2,5950
14683,2,890
127697,2,3850
86760,2,6500
111490,2,4990
123824,2,6800
67429,2,8900
92074,2,2400
147012,2,3999
97618,2,2350
4957,2,4800
22871,2,2999
114526,2,3600
114646,2,8500
43559,2,2000
98874,2,6700
99026,2,11500
105149,1,699
146240,2,4500
105355,2,2100
133453,2,2500
46272,2,3500
33716,2,8599
84598,1,240
125621,1,200
140052,1,700
81173,3,26900
143869,2,17000
519,2,5000
96032,2,7900
69493,1,150
46728,2,1400
128440,2,3300
107960,2,15900
85698,2,10690
35468,2,5250
26313,2,11500
48567,1,800
63823,1,600
70644,3,16500
6892,2,1850
8626,1,600
55071,2,890
126461,2,4900
132050,2,2100
12882,2,2200
31873,2,1200
95450,2,1100
102737,2,3700
16564,2,15800
103715,2,2400
117574,2,10900
83073,2,2999
85591,2,2000
26660,2,4990
128373,1,850
33609,2,6300
114162,2,8299
26727,2,8400
38617,2,10750
19806,2,7650
37073,2,1150
61320,2,3500
3510,2,2210
56277,2,3400
46028,2,899
112031,2,10000
37651,2,1100
23065,2,7400
54389,2,19900
66852,2,9999
6152,1,350
39993,3,43500
56391,2,1100
64241,2,999
68538,2,1299
97015,2,1000
124522,2,2950
49965,2,8750
11765,2,2800
8319,1,750
87172,2,15800
44329,1,550
50933,3,27490
40999,2,13555
69363,2,9500
71607,2,2900
6542,2,1200
36420,2,8499
126028,2,7750
5410,2,12800
147413,2,2999
112754,1,350
43468,1,290
78669,1,850
15638,2,9999
83372,3,30570
33493,2,1311
6236,3,19990
102974,2,3250
149572,1,800
19649,2,4450
85175,2,500
72313,2,1950
67717,2,3250
867,1,150
5967,2,3800
70269,2,7900
139119,2,6299
120217,2,4500
106115,2,2750
131301,2,8999
79383,2,1150
37110,3,24949
129287,3,18800
16616,2,2850
38908,2,2000
49754,2,5990
147035,2,3000
141084,2,1777
4186,2,850
66457,1,500
72182,1,595
21273,2,4700
128838,2,3000
34967,1,150
115469,2,3900
11488,2,1690
113304,2,15700
43779,1,500
113114,2,5900
45021,1,650
126944,1,1450
42011,2,1599
98755,2,1550
124993,2,4900
59780,2,17500
31926,2,7990
91192,2,15900
52808,2,13900
112138,2,11500
47193,2,3299
5977,2,350
121916,3,17000
35789,3,19990
113129,2,5799
76497,3,59000
126899,2,1300
21344,2,13500
106653,3,30000
65309,1,280
116896,2,4900
44888,2,6250
64814,2,1550
4154,2,3600
106949,2,5500
5940,3,15590
118791,2,7000
56734,2,10400
140793,3,32500
99403,2,7500
20880,1,699
100181,2,2200
43731,2,888
8567,2,3990
103556,2,6150
4759,1,250
70119,1,850
129015,2,3700
39853,2,3333
21419,2,8000
12638,3,25000
137805,2,780
18490,2,5500
100097,2,10700
87454,2,1800
130468,2,17550
82635,2,1999
2327,2,5499
148120,2,11999
97903,2,5000
26330,2,2900
117402,1,500
73009,2,999
18569,2,4550
129188,2,2222
11482,2,1500
123934,2,3000
45379,2,5300
145559,2,1750
92503,2,12500
104756,2,8999
84630,2,800
58284,2,650
5128,1,599
114309,2,2200
8063,1,890
114511,2,2100
105024,2,15990
112307,2,18999
66683,1,100
45445,2,4350
117037,2,9999
145605,2,5500
87497,2,3500
21113,2,2199
147269,2,1899
52361,2,2950
9353,2,1750
68359,2,4500
113388,2,14500
49647,2,9350
1790,2,200
76189,2,5900
85160,3,19950
16927,2,2900
60812,2,2300
84988,1,300
96858,2,2850
50393,2,3890
107883,2,2800
12674,1,600
25865,2,1980
142468,2,3999
133918,3,47790
131874,3,20499
122711,2,6200
139622,3,58200
42066,1,750
108541,2,6500
115943,2,16500
140652,2,1650
134938,2,9290
91416,2,1600
37192,2,2980
39217,2,2599
138895,2,5000
28780,2,12900
14975,1,200
138116,1,250
56028,2,1400
134573,2,6250
141925,2,5000
78205,2,15200
25995,2,1650
129645,2,23490
64160,2,3750
75348,2,2999
104912,2,2200
83889,2,2999
74832,2,12400
112331,2,1490
145995,2,6200
53493,2,1900
81922,2,11990
97273,2,3850
145963,2,1500
57406,2,5900
41631,2,6990
149396,2,22300
78759,2,1699
121923,1,200
55330,2,7999
107481,2,18500
109125,1,111
91374,1,450
83490,2,9999
108662,1,850
126202,2,4450
75452,2,4980
68991,1,600
69785,2,10299
16322,1,888
71321,2,7399
115885,2,1550
134889,2,750
121016,2,4200
78113,2,1099
69021,2,2200
95788,1,300
33753,2,10500
140021,2,4000
63160,1,250
124165,2,10650
82468,2,6399
67199,1,750
81279,2,16300
125497,2,530
97059,3,32900
45463,2,5000
10650,2,8500
120548,2,6900
84165,1,800
83779,1,500
122891,2,1200
44814,2,1500
120449,2,800
145028,1,380
43132,2,2200
75021,2,4500
96632,2,8500
126616,2,11111
144228,2,5900
131885,2,1350
8376,2,1300
126340,2,4400
2695,2,5900
1442,2,1400
59149,1,320
91545,2,5700
31778,2,1200
126099,2,8500
143020,2,2250
143723,2,2799
76299,2,11449
40477,2,5800
53284,2,4950
1462,2,6500
32802,2,2999
37759,2,11300
72124,2,2300
31762,1,1000
99367,2,2300
143219,2,2299
66571,2,2000
111627,2,1600
139297,2,13699
40141,2,820
138846,2,1999
80133,3,17900
72964,1,1500
60234,2,22500
115594,2,1200
35384,2,1999
143390,2,12000
96403,1,500
101073,1,300
29339,3,16950
5486,2,6000
113353,2,4100
81460,2,10550
34127,2,1200
120007,2,5600
133180,2,2980
118772,2,14500
5151,2,7000
48258,2,3200
35399,1,600
102077,2,9900
64813,2,2750
9838,2,2990
93009,2,1200
43403,2,8500
54177,2,1600
70197,2,1100
86403,3,15500
105629,2,2599
139130,2,5999
20771,2,999
110755,2,1699
6645,2,12690
48848,2,10499
121184,2,22000
36467,2,3750
36813,2,9800
9683,1,60
1675,2,900
125010,3,24990
41964,2,2750
100334,2,3350
19078,2,6000
134695,2,1250
28138,2,2550
105600,3,33500
147140,1,100
148705,2,950
94541,2,6500
74785,2,6850
117670,2,1649
73673,2,2500
42549,2,7850
121480,2,1300
91358,2,1350
8853,2,9499
33940,2,2300
82859,1,650
143990,2,3500
124981,2,4900
103937,2,8400
117214,1,250
39532,2,2000
129348,2,5500
132033,2,2550
30542,2,9350
40301,2,500
123886,2,7500
80656,2,10950
41115,2,4450
97065,2,7550
78764,2,7300
72494,2,5490
144270,2,8750
130309,2,4500
83488,2,850
128796,3,23490
113265,3,41500
116500,1,599
113104,2,2199
45475,2,7500
114984,1,650
149333,2,950
18349,2,9500
93933,2,3950
122532,2,3000
86000,2,1400
64055,2,2900
43705,2,2600
30862,2,750
70958,2,16800
22337,1,200
137915,2,3850
51056,2,5100
86822,2,1999
79999,1,600
76788,2,5500
62909,1,250
269,2,1350
148571,2,6200
53747,2,4850
27447,2,990
10693,2,26500
75017,2,2550
53911,2,1899
114263,1,70
108191,2,14200
36880,2,5000
126067,2,1150
122168,1,720
119099,3,33880
33870,2,8500
28825,2,7600
21693,2,1599
46247,1,599
116631,2,800
142929,2,3400
108537,2,4590
69555,2,1300
139019,2,23000
135141,2,4200
42214,1,800
7205,2,5500
138896,2,3490
93983,2,7450
117708,2,799
87596,2,8800
24928,1,599
19749,2,12770
103415,2,1800
19946,2,3400
75804,1,650
81009,2,4600
8829,2,1850
29831,2,2850
61103,2,2222
54996,3,19000
96310,2,5198
10333,2,2450
136806,2,16599
120644,2,3850
100307,2,10900
13035,2,3890
97395,2,2000
32370,2,5900
88479,2,1800
14974,2,5100
3020,2,1200
14193,2,1490
71081,2,14000
80943,1,600
33191,2,1650
111226,2,2349
146222,3,37000
62290,2,6150
115085,1,399
43478,2,4199
69385,2,6000
51950,2,1250
30889,2,2850
20985,2,2800
105199,2,5600
53417,2,6999
116341,2,1980
27986,2,4300
106679,2,6880
132878,1,250
29154,2,7600
20424,2,10890
52087,2,3500
103999,2,1999
89981,2,925
9305,2,9990
37493,2,23500
58361,1,400
124794,2,5000
103157,2,5950
145462,2,8950
47518,2,1599
119110,2,3750
138778,2,4900
54167,1,458
53906,2,3700
39739,2,13800
60259,1,299
110571,2,6950
88583,2,2600
16739,2,11148
92977,3,36900
38370,2,6500
80167,1,280
68466,2,19800
22868,2,1100
148285,2,1300
32759,2,3350
87471,2,2000
46052,2,4999
41025,2,4250
79309,2,4000
146946,2,6450
127071,2,750
92143,1,350
18449,2,2200
79623,3,47999
119434,2,600
33551,2,1000
61749,1,1200
99934,1,2250
21030,1,799
31414,2,3200
55760,2,999
123402,2,2799
41233,3,35700
71709,2,11988
149840,2,3900
30687,2,6666
144337,1,600
48267,2,4500
139068,2,4390
8469,1,350
119758,2,17999
125486,2,3000
4476,2,1449
118416,2,2400
103091,2,900
129283,2,5300
20013,2,6500
140167,2,999
34592,2,7400
21702,2,999
112279,2,3000
124128,2,5750
62702,1,600
83043,2,11475
65684,2,4990
139968,2,8400
56543,1,100
93408,2,20000
120151,2,1200
100970,2,2200
107748,3,33990
47319,2,5200
22526,2,9999
21916,2,1990
110937,2,3122
85908,2,20000
112141,2,1950
115806,3,22500
102526,1,250
7952,2,13490
6327,2,3950
80932,2,10990
63385,2,1999
129616,2,8801
135615,2,11900
77252,2,899
8242,1,500
82089,2,2699
61943,2,555
27168,2,13500
29441,2,800
2953,2,2600
70155,2,3700
52042,2,10700
20383,2,6950
105590,2,14990
34167,2,21750
54972,2,1500
145048,2,1150
116676,2,1550
65142,2,3299
46566,2,13800
145725,2,3400
42983,2,4890
53933,2,2500
125573,2,2350
77892,2,2550
94971,2,7900
106253,2,1150
88696,2,1500
86038,2,6800
68970,1,350
32155,2,1800
95657,3,20300
84705,2,7950
31516,2,4999
147809,2,11500
86286,2,999
72491,2,9700
1791,1,750
113697,2,3000
130417,2,5499
81995,2,1550
113634,2,6800
33533,2,4999
39667,2,9800
63138,1,750
16979,1,499
138082,2,6200
132030,1,200
22608,2,14500
16032,2,2200
84568,2,2100
131544,2,6890
80709,1,499
72699,2,1000
106594,2,2200
17416,2,3200
120150,2,9000
83058,3,25900
34506,1,550
40533,2,9500
39716,1,500
30087,2,6400
120417,2,1990
24161,2,2199
53169,2,4400
115430,3,30500
77729,2,7590
100105,2,999
3206,2,2150
315,3,22000
97466,2,9600
88163,2,2500
6557,2,2750
14148,3,21500
87620,2,14990
144555,2,15000
142945,2,1350
42907,2,850
63270,2,12000
86049,2,4000
116705,2,6890
26769,2,1200
43429,1,750
23186,2,8800
137974,2,1000
95926,2,1980
30002,2,899
43225,2,16500
104748,2,3500
82775,2,11770
69880,2,22990
118871,2,1199
33521,2,1050
10016,2,9500
140141,2,3550
30707,2,12500
124117,3,42600
132581,2,1600
84346,1,260
46170,2,1690
81120,1,350
58181,2,7200
56711,2,2900
62120,1,699
123021,1,1490
131601,2,9800
149225,2,1499
121812,2,1490
28358,2,8200
130347,1,499
34857,2,2000
78781,2,1999
10921,2,5600
61438,1,550
137376,2,11750
131115,2,4500
144698,1,600
137266,2,13000
143580,2,9500
18615,2,7999
67748,2,3800
97729,2,9900
38994,1,600
42443,2,14490
7791,2,10990
48590,2,6500
22509,1,850
59973,1,650
145873,2,4390
77294,1,1000
102387,2,9600
128115,2,17300
76402,2,2850
83352,2,3300
137471,2,6200
91238,2,11000
23359,2,7800
45735,2,1000
50953,2,6200
95284,2,1450
114461,2,7250
56968,2,4990
14613,2,2000
76217,2,10450
118217,2,12690
125205,2,4990
97402,1,500
68456,2,4985
69536,2,3987
34301,1,300
78106,2,1900
95326,2,1590
103980,2,1500
16505,2,12500
63955,2,6300
18064,2,12000
44033,2,1990
132576,1,300
144413,2,6890
5240,2,2099
87494,2,900
79801,1,650
77152,2,2950
103941,2,2600
30752,2,10000
111514,2,12000
91050,2,4500
63189,2,1350
109965,2,5000
141665,2,2600
109417,1,750
82621,2,3650
23050,2,5300
97180,1,180
39693,2,1200
55250,2,1700
118202,2,3700
9327,1,450
123659,2,10999
10633,2,9800
120307,2,16990
65249,2,550
27578,3,35000
82016,2,5800
30705,2,3300
20209,2,6500
59008,2,3500
99443,1,350
21979,2,18500
130455,2,3799
516,2,5200
31840,3,18900
104393,2,13900
15678,1,900
94232,2,1800
77705,2,2499
64046,2,5800
103387,2,3750
105618,2,8000
122524,2,6850
76351,1,600
68729,2,16400
25253,2,899
83843,2,1100
149167,2,3300
47612,3,35850
86676,2,6500
5836,2,4200
118011,1,400
55906,2,1499
56687,2,1200
118507,2,2699
107931,1,300
5810,2,2600
26457,1,649
12469,1,550
107372,2,5900
4500,1,699
98810,2,2100
47691,2,7000
147768,2,8950
144575,1,499
72199,1,650
47741,2,11350
64806,1,1100
63830,3,16799
146770,2,3500
108514,2,3200
46073,2,3550
140675,2,1500
42553,2,6600
91638,2,11500
86728,1,550
75308,1,500
6394,2,8790
67041,2,15000
35038,2,14990
75520,2,3800
62880,2,16400
29088,2,2600
50338,3,18000
72722,2,9300
147451,3,16590
88784,2,1750
136984,2,1199
97970,1,800
42447,1,550
140581,2,14500
56547,2,1000
112788,2,3499
94004,2,16900
41509,2,6700
62912,3,19400
60249,2,14000
94950,2,10599
107955,2,2800
104171,2,6599
140713,1,250
72520,2,2500
49725,1,650
70384,3,17999
32199,2,5555
135845,2,9000
46287,2,8950
57265,2,7500
85796,2,4000
134205,2,4690
136837,2,4800
113903,2,8100
131673,1,1149
82387,2,6400
25244,2,4999
131037,2,10900
25872,2,4999
67954,2,2000
50258,1,530
82301,2,9499
136781,2,26500
11354,1,499
59022,2,950
50425,2,16300
59751,2,2499
47841,2,3500
52602,2,12495
5133,2,8499
44156,2,4600
69951,1,650
57554,2,990
67388,1,25
117251,2,6400
61682,1,600
110753,2,3950
60659,2,13990
79934,2,15800
66713,2,4444
55464,2,2400
25105,2,4650
142245,2,14500
84068,2,7850
90142,2,21500
100667,2,15900
71194,3,11900
96430,2,7200
24785,2,2199
110319,2,4200
115978,2,2999
96338,2,3300
52104,1,220
50764,2,2990
98606,2,1990
68596,2,5100
89799,2,2000
132557,2,1900
54326,2,11300
19218,2,1490
113002,2,15272
125369,2,1200
92997,2,14000
36609,2,5600
69461,3,22490
32214,2,7499
131030,2,1450
116001,2,3400
142129,2,9500
136540,2,1750
56215,2,1600
133686,2,4399
82133,1,299
108820,2,800
24668,2,1500
60681,1,500
40764,2,3650
140958,2,1449
119966,2,15990
12216,2,3500
90189,2,12920
6708,2,6700
128666,2,1499
89348,1,700
147224,2,10690
125923,2,3400
87501,2,9350
117357,2,2500
123387,2,1399
76935,2,1350
5560,2,4800
78410,2,4900
26032,2,10500
43871,2,8200
46153,2,2300
27569,2,13900
144650,2,1750
8013,2,3495
124728,1,699
73059,2,5500
144637,2,2000
12855,2,3500
84863,2,4890
34733,2,600
10415,2,1400
78946,3,25800
3370,2,7900
5598,2,4300
61236,2,2800
82673,2,1000
40961,2,1000
76848,2,5500
10300,2,12500
60222,2,4000
3957,2,4399
109151,2,9600
117742,2,12300
59261,2,800
3208,2,7999
120173,2,2200
19405,2,1700
120810,2,3500
49539,2,1800
116581,2,3500
94581,2,11350
19548,2,2300
98033,2,790
43093,2,1400
126631,2,3490
48198,1,600
81478,2,2100
40763,2,4600
7226,2,1250
24711,2,2999
112953,2,19300
118717,2,10990
70489,3,28450
105164,2,3350
63434,2,1500
97284,2,1250
84180,2,3350
64918,2,999
71164,2,3700
61143,2,1499
124832,2,6000
39721,2,1199
95752,2,1500
88837,2,2200
62106,2,1999
41655,2,6990
28035,2,1400
58455,2,3200
128198,2,5200
53299,1,450
136100,2,13200
119438,2,7000
102027,2,2800
76778,2,1490
28686,2,3950
32511,2,2600
130301,2,4500
1300,2,4900
70906,2,999
110594,2,5500
117369,1,599
124333,3,42350
85989,2,2800
90025,2,6800
37166,2,1250
104624,2,14300
34059,2,8400
50009,1,220
140788,2,11500
74205,2,2299
126813,2,5800
133696,2,1500
83571,1,699
124434,1,2000
78154,2,2000
110846,2,4990
95630,2,4850
127004,2,4200
82388,2,1475
104253,2,4400
46722,2,2000
48358,2,4890
101295,2,4400
58178,2,1390
83847,1,550
85267,2,5750
149727,2,1200
83103,2,2250
75704,2,6500
84494,2,2850
99228,1,500
14205,2,1200
57214,2,1990
149655,1,300
44432,1,150
114256,2,2250
98310,1,1350
3325,2,1200
145496,2,11500
11568,2,4500
51026,2,899
27664,2,1300
119310,2,6750
100668,2,1100
83610,1,350
126623,2,3900
28127,2,3000
68455,3,16490
72619,2,1499
54187,2,8500
18114,2,2100
101561,2,6500
55494,2,6000
54571,2,11700
101548,3,22990
10811,3,17900
148096,2,500
72066,2,6850
13967,2,2999
128488,1,150
74969,2,900
122369,1,350
16302,3,35499
29452,2,1550
11281,2,10500
99203,1,250
125863,2,1950
26773,2,5900
90046,2,4999
122386,2,2400
85863,2,1650
130558,2,7250
54880,2,1999
6176,2,1750
39054,1,749
104597,2,1050
28482,2,8000
125977,2,7650
133503,2,899
44191,2,2850
34977,1,449
61234,2,9890
93089,2,12900
144002,2,2000
27937,1,198
29791,2,1599
19693,2,1995
52067,2,10000
59204,2,1000
77120,2,7800
66454,3,62500
31861,2,1399
65062,2,6100
57259,2,1000
98695,2,2200
81759,2,600
117640,2,14000
94104,1,800
107114,2,5300
108085,1,350
118081,2,15490
39672,2,6250
29250,2,3500
122207,2,4300
36950,2,2200
65174,2,9400
35503,2,3500
36511,2,1200
58899,2,1250
85529,2,999
26686,2,2600
129561,3,24500
102259,2,1550
21175,2,2000
1578,2,5500
136891,1,200
17595,2,5800
146741,2,999
49985,2,8800
44011,2,1500
14228,2,4950
120285,2,2900
3312,2,2700
120637,2,9999
142133,2,1850
142868,2,3900
149995,2,5900
95661,2,4000
20394,3,23450
108758,1,200
93990,2,1700
35047,2,12950
114652,2,2400
30745,3,21500
16122,2,3499
106690,2,6100
67341,2,1999
134097,1,500
122526,2,6550
139891,2,1800
86664,2,1950
19865,2,13800
68385,1,650
33517,2,4900
73518,2,1000
120582,1,200
128747,2,750
148122,1,450
129473,2,750
35313,2,10900
5348,1,500
55042,2,3100
104237,2,3200
124120,2,11300
69271,1,500
18731,2,1500
65828,2,2350
143102,2,12500
113355,2,1600
134652,2,1249
48274,2,1000
104467,2,650
74534,1,1000
73061,2,1300
74326,2,5490
126771,1,250
18052,2,1740
22724,2,2199
2120,2,3200
9819,2,730
7408,1,450
1077,2,10300
78989,2,7750
135172,2,1150
70988,2,2600
48715,2,3250
60725,2,19900
135599,3,27000
120629,2,4800
148481,2,8999
97345,2,800
54305,2,900
25108,2,6999
75096,2,3950
13775,2,4250
63201,2,3999
92307,2,8886
131929,2,1299
17431,2,3850
79371,2,8950
129140,2,8800
62257,1,395
74882,1,250
15215,2,1000
88193,2,10000
38432,2,2300
17711,2,4200
103054,2,1899
57185,1,150
76499,2,11000
118730,2,1999
54245,2,1799
9556,2,3799
18252,2,1650
115031,2,1100
101690,2,7000
12375,2,9900
124041,2,1400
126010,1,74
100336,1,350
115540,3,35000
26553,2,14999
69179,2,7299
103770,2,9200
35257,2,750
32692,3,50000
92617,2,1300
89691,2,2400
71175,2,5350
62826,2,7900
26411,2,4000
28022,2,3450
117784,2,2749
97409,2,1999
127045,2,1450
125122,2,15500
4243,2,2900
22335,2,10950
63204,2,9000
54215,2,1900
49159,2,8550
72023,2,12400
144619,2,8600
34178,1,199
7377,1,550
95680,1,350
90341,2,1250
83953,2,3200
115854,2,7690
148859,2,5200
19221,1,850
2128,2,5800
138736,2,2990
9316,2,5600
75592,2,2300
32002,2,2700
123133,2,2950
127595,1,699
16661,1,400
124139,2,2500
97019,2,3700
115445,2,1650
49500,2,2350
51905,2,6999
91015,1,500
18967,2,4200
31508,2,2500
92020,1,400
19193,2,7250
34934,2,10450
60686,2,500
129162,2,5555
6501,1,700
106379,2,1999
143330,2,12499
136672,1,650
35697,2,8499
96519,3,36000
36293,2,2800
4200,2,16999
44571,1,500
116882,2,10100
74916,2,1240
78057,2,2800
71351,2,2500
147398,2,5490
50186,2,6500
24047,2,11700
100311,2,1300
103951,2,1899
53290,2,6500
80309,2,6250
70690,2,3000
381,3,30900
140530,2,5900
112585,3,28500
100444,2,4900
67899,1,1400
1489,2,5300
48926,2,1500
84081,2,2150
100526,2,1100
